kind,file,sha256,notes
raw_tick,XAUUSD_DUKAS_2026_01_ticks.csv(3).gz,d2ebb9a8c19caad02c5d95d7c6504868722c286e1187d1dbad18098d8c5ec5c5,Jan source mounted and hashed
raw_tick,XAUUSD_DUKAS_2026_02_ticks.csv(3).gz,ed3b3545c990c88d78519594c17c8915b0f679adcb0a94920ba7524f1f6d5c5d,Feb source mounted and hashed
raw_tick,XAUUSD_DUKAS_2026_03_ticks.csv(3).gz,814ba35e72f219a58badd806ed5c0f30ef0fb4ffe56a48205d873706513bd177,Mar source mounted and hashed
raw_tick,XAUUSD_DUKAS_2026_04_ticks.csv(3).gz,30375098f62aed6cabc32ec6b67c57c20baec9b6d9be1ce0a204e09806c1ec0f,Apr source mounted and hashed
raw_tick,XAUUSD_DUKAS_2026_05_ticks.csv(3).gz,3a50e0f1eba3076154238290ec02842cf3744ab192e5c9a2acc1cc07367c6a0d,May source mounted and hashed
raw_tick,XAUUSD_DUKAS_2026_06_ticks.csv(3).gz,34686ce53ba992dfb83ea35d555b6a4947a9216635853857c8bf11ce70c00ae2,Jun source mounted and hashed
raw_tick,XAUUSD_DUKAS_2026_07_ticks.csv(2).gz,e171e8c2fb59f3f4147a6f845eb68e664fa9c0f4815caa33acdbb42cc2f768b7,Jul source mounted and hashed
mt5_report,ReportTester-871471_jan2026_jul2026_R9_ticklog_synth(4).xlsx,e5fcf4d6879193fac88e7a8e101db1111d59e1a7f5abfb793c970b06cfce7cc7,R9 SYNTH report
mt5_report,ReportTester-871471_jan2026_jul2026_R9_ticklog_real(4).xlsx,19d5ffd785beaae2a9d0baa5efb50efcd36a7db635c7ef82957be442429c1064,R9 REAL report
sealed,XAUUSD_DUKAS_2026_08_ticks.csv(1).gz,NOT_READ_NOT_HASHED,August sealed
