index,scenario,method,net,trades,gross_profit,gross_loss,pf,win_pct,equity_dd,positive_days,r9_days_beaten,positive_weeks,r9_weeks_beaten,hourly_net,watchdog_net,recovery_net,watchdog_fraction_wd_last_week
0,base,source_tape_gate,93425.311,47511,125371.765,-31946.454,3.9244,90.489,56921.6,20,13,5,5,60197.326,30267.351,0.0,26413.856
1,clone16,source_tape_gate,69921.323,15796,74720.067,-4798.744,15.5708,88.301,6863.37,20,11,5,5,60197.326,6763.363,0.0,5088.559
2,clone64,source_tape_gate,76264.529,20857,82571.968,-6307.439,13.0912,89.989,14764.04,20,13,5,5,60197.326,13106.569,0.0,10432.378
3,clone96,source_tape_gate,79385.124,23399,86576.97,-7191.846,12.0382,90.512,17610.12,20,13,5,5,60197.326,16227.164,0.0,13134.597
4,clone128,source_tape_gate,81959.029,25673,90136.966,-8177.937,11.022,90.8,20456.2,20,13,5,5,60197.326,18801.069,0.0,15426.389
5,clone192,source_tape_gate,86667.923,29801,96712.795,-10044.872,9.6281,91.148,26148.36,20,13,5,5,60197.326,23509.963,0.0,19907.334
6,clone256,source_tape_gate,90650.505,33510,102668.111,-12017.606,8.5431,91.2,31840.52,20,13,5,5,60197.326,27492.545,0.0,23702.353
7,clone64_spread2,source_tape_gate,82315.83,29098,95304.281,-12988.451,7.3376,90.309,22116.7,20,13,5,5,60197.326,19157.87,0.0,15304.375
8,clone192_wd384,source_tape_gate,84849.225,28264,94668.946,-9819.721,9.6407,91.052,26148.36,20,13,5,5,60197.326,21691.265,0.0,19157.354
9,clone192_spread2,source_tape_gate,88251.524,34679,104619.98,-16368.456,6.3916,91.119,26148.36,20,13,5,5,60197.326,25093.564,0.0,21240.069
10,loss2000,source_tape_gate,37343.987,33476,84627.21,-47283.223,1.7898,61.841,26640.81,18,11,5,4,60197.326,-25813.973,0.0,-22449.719
11,loss2000_recovery,source_tape_gate,37341.927,33478,84627.21,-47285.283,1.7897,61.838,26640.81,18,11,5,4,60197.326,-25813.973,-2.06,-22449.719
12,stop8_m5_reversal,individual_stop,90792.928,47511,125240.955,-34448.027,3.6356,90.236,56921.6,20,12,5,5,60197.326,27634.968,0.0,26413.856