specialist,selected_n,base_n,child_n,min_selected_gap_s,p10_gap_s,median_gap_s,p90_gap_s,horizon_s,note
E10_COMPRESSION_RELEASE,325,29,296,120.0,1858.5,15942.5,167703.0,120,FINAL_SELECTED_LEDGER_CENSORED_BY_OWNERSHIP_NOT_CANDIDATE_EMISSION
E11_KINETIC_IGNITION,2243,1147,1096,45.0,305.0,2510.0,15167.0,45,FINAL_SELECTED_LEDGER_CENSORED_BY_OWNERSHIP_NOT_CANDIDATE_EMISSION
E12_FAILED_EXPANSION,549,106,443,150.0,791.0,7785.0,74911.5,120,FINAL_SELECTED_LEDGER_CENSORED_BY_OWNERSHIP_NOT_CANDIDATE_EMISSION
E3_ORB,2,2,0,2854360.0,2854360.0,2854360.0,2854360.0,300,FINAL_SELECTED_LEDGER_CENSORED_BY_OWNERSHIP_NOT_CANDIDATE_EMISSION
E4_VWAP_PULLBACK,2,2,0,5957370.0,5957370.0,5957370.0,5957370.0,300,FINAL_SELECTED_LEDGER_CENSORED_BY_OWNERSHIP_NOT_CANDIDATE_EMISSION
E5_VWAP_RECLAIM,287,107,180,135.0,747.5,22532.5,202257.5,120,FINAL_SELECTED_LEDGER_CENSORED_BY_OWNERSHIP_NOT_CANDIDATE_EMISSION
E6_VALUE_REVERSION,684,232,452,180.0,261.0,1505.0,78310.0,180,FINAL_SELECTED_LEDGER_CENSORED_BY_OWNERSHIP_NOT_CANDIDATE_EMISSION
E7_SWEEP_RECLAIM,422,45,377,125.0,625.0,6025.0,126700.0,120,FINAL_SELECTED_LEDGER_CENSORED_BY_OWNERSHIP_NOT_CANDIDATE_EMISSION
E8_LEVEL_BOUNCE,14,14,0,22365.0,205752.0,489010.0,2780999.0,300,FINAL_SELECTED_LEDGER_CENSORED_BY_OWNERSHIP_NOT_CANDIDATE_EMISSION
E9_LEVEL_BREAK,991,413,578,310.0,1210.0,6672.5,36325.5,300,FINAL_SELECTED_LEDGER_CENSORED_BY_OWNERSHIP_NOT_CANDIDATE_EMISSION
