month,specialist,selected,mask_hits,mask_recall,edge_hits,edge_recall
2,E3_ORB,1,1,1.000000,1,1.000000
2,E5_VWAP_RECLAIM,62,61,0.983871,61,0.983871
2,E6_VALUE_REVERSION,130,129,0.992308,0,0.000000
2,E7_SWEEP_RECLAIM,87,87,1.000000,86,0.988506
2,E8_LEVEL_BOUNCE,1,1,1.000000,1,1.000000
2,E9_LEVEL_BREAK,161,152,0.944099,125,0.776398
2,E10_COMPRESSION_RELEASE,80,80,1.000000,71,0.887500
2,E11_KINETIC_IGNITION,403,403,1.000000,166,0.411911
2,E12_FAILED_EXPANSION,106,106,1.000000,106,1.000000
3,E3_ORB,1,1,1.000000,1,1.000000
3,E5_VWAP_RECLAIM,81,75,0.925926,75,0.925926
3,E6_VALUE_REVERSION,231,230,0.995671,0,0.000000
3,E7_SWEEP_RECLAIM,133,133,1.000000,129,0.969925
3,E8_LEVEL_BOUNCE,2,2,1.000000,2,1.000000
3,E9_LEVEL_BREAK,216,207,0.958333,161,0.745370
3,E10_COMPRESSION_RELEASE,78,78,1.000000,62,0.794872
3,E11_KINETIC_IGNITION,592,592,1.000000,200,0.337838
3,E12_FAILED_EXPANSION,161,161,1.000000,161,1.000000
