event_id,date_et,time_et,timestamp_utc,currency,severity,event_family,event_name,agency,source_url,severity_origin,notes
"20260107_1000_JOLTS","2026-01-07","10:00","2026-01-07T15:00:00Z","USD","HIGH","JOLTS","JOLTS Job Openings","BLS","https://www.bls.gov/schedule/2026/","DELTA_B_FROZEN_TAXONOMY_V1",""
"20260108_0830_INITIAL_JOBLESS_CLAIMS","2026-01-08","08:30","2026-01-08T13:30:00Z","USD","HIGH","INITIAL_JOBLESS_CLAIMS","Initial Jobless Claims","DOL","https://www.dol.gov/newsroom/releases/eta","DELTA_B_FROZEN_TAXONOMY_V1","Weekly Thursday 08:30 ET schedule"
"20260108_0830_TRADE_BALANCE","2026-01-08","08:30","2026-01-08T13:30:00Z","USD","MEDIUM","TRADE_BALANCE","U.S. International Trade in Goods and Services","BEA/Census","https://www.bea.gov/news/schedule/full","DELTA_B_FROZEN_TAXONOMY_V1",""
"20260109_0830_EMPLOYMENT_SITUATION","2026-01-09","08:30","2026-01-09T13:30:00Z","USD","HIGH","EMPLOYMENT_SITUATION","Employment Situation","BLS","https://www.bls.gov/schedule/2026/","DELTA_B_FROZEN_TAXONOMY_V1",""
"20260109_0830_HOUSING_STARTS","2026-01-09","08:30","2026-01-09T13:30:00Z","USD","MEDIUM","HOUSING_STARTS","New Residential Construction / Housing Starts","Census","https://www.census.gov/economic-indicators/calendar-listview.html","DELTA_B_FROZEN_TAXONOMY_V1",""
"20260113_0830_CPI","2026-01-13","08:30","2026-01-13T13:30:00Z","USD","HIGH","CPI","Consumer Price Index","BLS","https://www.bls.gov/schedule/2026/","DELTA_B_FROZEN_TAXONOMY_V1",""
"20260113_1000_NEW_HOME_SALES","2026-01-13","10:00","2026-01-13T15:00:00Z","USD","MEDIUM","NEW_HOME_SALES","New Residential Sales","Census","https://www.census.gov/economic-indicators/calendar-listview.html","DELTA_B_FROZEN_TAXONOMY_V1",""
"20260114_0830_PPI","2026-01-14","08:30","2026-01-14T13:30:00Z","USD","MEDIUM","PPI","Producer Price Index","BLS","https://www.bls.gov/schedule/2026/","DELTA_B_FROZEN_TAXONOMY_V1","Project severity classification"
"20260114_0830_RETAIL_SALES_ADVANCE","2026-01-14","08:30","2026-01-14T13:30:00Z","USD","HIGH","RETAIL_SALES_ADVANCE","Advance Monthly Retail Sales","Census","https://www.census.gov/economic-indicators/calendar-listview.html","DELTA_B_FROZEN_TAXONOMY_V1",""
"20260115_0830_INITIAL_JOBLESS_CLAIMS","2026-01-15","08:30","2026-01-15T13:30:00Z","USD","HIGH","INITIAL_JOBLESS_CLAIMS","Initial Jobless Claims","DOL","https://www.dol.gov/newsroom/releases/eta","DELTA_B_FROZEN_TAXONOMY_V1","Weekly Thursday 08:30 ET schedule"
"20260122_0830_GDP","2026-01-22","08:30","2026-01-22T13:30:00Z","USD","MEDIUM","GDP","GDP Updated Estimate","BEA","https://www.bea.gov/news/schedule/full","DELTA_B_FROZEN_TAXONOMY_V1",""
"20260122_0830_INITIAL_JOBLESS_CLAIMS","2026-01-22","08:30","2026-01-22T13:30:00Z","USD","HIGH","INITIAL_JOBLESS_CLAIMS","Initial Jobless Claims","DOL","https://www.dol.gov/newsroom/releases/eta","DELTA_B_FROZEN_TAXONOMY_V1","Weekly Thursday 08:30 ET schedule"
"20260122_1000_PCE_PERSONAL_INCOME_OUTLAYS","2026-01-22","10:00","2026-01-22T15:00:00Z","USD","HIGH","PCE_PERSONAL_INCOME_OUTLAYS","Personal Income and Outlays / PCE","BEA","https://www.bea.gov/news/schedule/full","DELTA_B_FROZEN_TAXONOMY_V1",""
"20260126_0830_DURABLE_GOODS_ADVANCE","2026-01-26","08:30","2026-01-26T13:30:00Z","USD","MEDIUM","DURABLE_GOODS_ADVANCE","Advance Durable Goods Orders","Census","https://www.census.gov/economic-indicators/calendar-listview.html","DELTA_B_FROZEN_TAXONOMY_V1",""
"20260128_1400_FOMC_DECISION","2026-01-28","14:00","2026-01-28T19:00:00Z","USD","HIGH","FOMC_DECISION","FOMC Policy Decision / Statement","Federal Reserve","https://www.federalreserve.gov/monetarypolicy/fomccalendars.htm","DELTA_B_FROZEN_TAXONOMY_V1",""
"20260128_1430_FOMC_PRESS_CONFERENCE","2026-01-28","14:30","2026-01-28T19:30:00Z","USD","HIGH","FOMC_PRESS_CONFERENCE","FOMC Press Conference","Federal Reserve","https://www.federalreserve.gov/monetarypolicy/fomccalendars.htm","DELTA_B_FROZEN_TAXONOMY_V1",""
"20260129_0830_INITIAL_JOBLESS_CLAIMS","2026-01-29","08:30","2026-01-29T13:30:00Z","USD","HIGH","INITIAL_JOBLESS_CLAIMS","Initial Jobless Claims","DOL","https://www.dol.gov/newsroom/releases/eta","DELTA_B_FROZEN_TAXONOMY_V1","Weekly Thursday 08:30 ET schedule"
"20260129_0830_TRADE_BALANCE","2026-01-29","08:30","2026-01-29T13:30:00Z","USD","MEDIUM","TRADE_BALANCE","U.S. International Trade in Goods and Services","BEA/Census","https://www.bea.gov/news/schedule/full","DELTA_B_FROZEN_TAXONOMY_V1",""
"20260130_0830_PPI","2026-01-30","08:30","2026-01-30T13:30:00Z","USD","MEDIUM","PPI","Producer Price Index","BLS","https://www.bls.gov/schedule/2026/","DELTA_B_FROZEN_TAXONOMY_V1","Project severity classification"
"20260205_0830_INITIAL_JOBLESS_CLAIMS","2026-02-05","08:30","2026-02-05T13:30:00Z","USD","HIGH","INITIAL_JOBLESS_CLAIMS","Initial Jobless Claims","DOL","https://www.dol.gov/newsroom/releases/eta","DELTA_B_FROZEN_TAXONOMY_V1","Weekly Thursday 08:30 ET schedule"
"20260205_1000_JOLTS","2026-02-05","10:00","2026-02-05T15:00:00Z","USD","HIGH","JOLTS","JOLTS Job Openings","BLS","https://www.bls.gov/schedule/2026/","DELTA_B_FROZEN_TAXONOMY_V1",""
"20260210_0830_ECI","2026-02-10","08:30","2026-02-10T13:30:00Z","USD","MEDIUM","ECI","Employment Cost Index","BLS","https://www.bls.gov/schedule/2026/","DELTA_B_FROZEN_TAXONOMY_V1",""
"20260210_0830_RETAIL_SALES_ADVANCE","2026-02-10","08:30","2026-02-10T13:30:00Z","USD","HIGH","RETAIL_SALES_ADVANCE","Advance Monthly Retail Sales","Census","https://www.census.gov/economic-indicators/calendar-listview.html","DELTA_B_FROZEN_TAXONOMY_V1",""
"20260211_0830_EMPLOYMENT_SITUATION","2026-02-11","08:30","2026-02-11T13:30:00Z","USD","HIGH","EMPLOYMENT_SITUATION","Employment Situation","BLS","https://www.bls.gov/schedule/2026/","DELTA_B_FROZEN_TAXONOMY_V1",""
"20260212_0830_INITIAL_JOBLESS_CLAIMS","2026-02-12","08:30","2026-02-12T13:30:00Z","USD","HIGH","INITIAL_JOBLESS_CLAIMS","Initial Jobless Claims","DOL","https://www.dol.gov/newsroom/releases/eta","DELTA_B_FROZEN_TAXONOMY_V1","Weekly Thursday 08:30 ET schedule"
"20260213_0830_CPI","2026-02-13","08:30","2026-02-13T13:30:00Z","USD","HIGH","CPI","Consumer Price Index","BLS","https://www.bls.gov/schedule/2026/","DELTA_B_FROZEN_TAXONOMY_V1",""
"20260218_0830_HOUSING_STARTS","2026-02-18","08:30","2026-02-18T13:30:00Z","USD","MEDIUM","HOUSING_STARTS","New Residential Construction / Housing Starts","Census","https://www.census.gov/economic-indicators/calendar-listview.html","DELTA_B_FROZEN_TAXONOMY_V1",""
"20260218_1400_FOMC_MINUTES","2026-02-18","14:00","2026-02-18T19:00:00Z","USD","MEDIUM","FOMC_MINUTES","FOMC Minutes","Federal Reserve","https://www.federalreserve.gov/monetarypolicy/fomccalendars.htm","DELTA_B_FROZEN_TAXONOMY_V1",""
"20260219_0830_INITIAL_JOBLESS_CLAIMS","2026-02-19","08:30","2026-02-19T13:30:00Z","USD","HIGH","INITIAL_JOBLESS_CLAIMS","Initial Jobless Claims","DOL","https://www.dol.gov/newsroom/releases/eta","DELTA_B_FROZEN_TAXONOMY_V1","Weekly Thursday 08:30 ET schedule"
"20260219_0830_TRADE_BALANCE","2026-02-19","08:30","2026-02-19T13:30:00Z","USD","MEDIUM","TRADE_BALANCE","U.S. International Trade in Goods and Services","BEA/Census","https://www.bea.gov/news/schedule/full","DELTA_B_FROZEN_TAXONOMY_V1",""
"20260220_0830_GDP","2026-02-20","08:30","2026-02-20T13:30:00Z","USD","HIGH","GDP","GDP Advance Estimate","BEA","https://www.bea.gov/news/schedule/full","DELTA_B_FROZEN_TAXONOMY_V1",""
"20260220_0830_PCE_PERSONAL_INCOME_OUTLAYS","2026-02-20","08:30","2026-02-20T13:30:00Z","USD","HIGH","PCE_PERSONAL_INCOME_OUTLAYS","Personal Income and Outlays / PCE","BEA","https://www.bea.gov/news/schedule/full","DELTA_B_FROZEN_TAXONOMY_V1",""
"20260226_0830_INITIAL_JOBLESS_CLAIMS","2026-02-26","08:30","2026-02-26T13:30:00Z","USD","HIGH","INITIAL_JOBLESS_CLAIMS","Initial Jobless Claims","DOL","https://www.dol.gov/newsroom/releases/eta","DELTA_B_FROZEN_TAXONOMY_V1","Weekly Thursday 08:30 ET schedule"
"20260227_0830_PPI","2026-02-27","08:30","2026-02-27T13:30:00Z","USD","MEDIUM","PPI","Producer Price Index","BLS","https://www.bls.gov/schedule/2026/","DELTA_B_FROZEN_TAXONOMY_V1","Project severity classification"
"20260304_1400_BEIGE_BOOK","2026-03-04","14:00","2026-03-04T19:00:00Z","USD","MEDIUM","BEIGE_BOOK","Federal Reserve Beige Book","Federal Reserve","https://www.federalreserve.gov/monetarypolicy/fomccalendars.htm","DELTA_B_FROZEN_TAXONOMY_V1",""
"20260305_0830_INITIAL_JOBLESS_CLAIMS","2026-03-05","08:30","2026-03-05T13:30:00Z","USD","HIGH","INITIAL_JOBLESS_CLAIMS","Initial Jobless Claims","DOL","https://www.dol.gov/newsroom/releases/eta","DELTA_B_FROZEN_TAXONOMY_V1","Weekly Thursday 08:30 ET schedule"
"20260306_0830_EMPLOYMENT_SITUATION","2026-03-06","08:30","2026-03-06T13:30:00Z","USD","HIGH","EMPLOYMENT_SITUATION","Employment Situation","BLS","https://www.bls.gov/schedule/2026/","DELTA_B_FROZEN_TAXONOMY_V1",""
"20260306_0830_RETAIL_SALES_ADVANCE","2026-03-06","08:30","2026-03-06T13:30:00Z","USD","HIGH","RETAIL_SALES_ADVANCE","Advance Monthly Retail Sales","Census","https://www.census.gov/economic-indicators/calendar-listview.html","DELTA_B_FROZEN_TAXONOMY_V1",""
"20260311_0830_CPI","2026-03-11","08:30","2026-03-11T12:30:00Z","USD","HIGH","CPI","Consumer Price Index","BLS","https://www.bls.gov/schedule/2026/","DELTA_B_FROZEN_TAXONOMY_V1",""
"20260312_0830_HOUSING_STARTS","2026-03-12","08:30","2026-03-12T12:30:00Z","USD","MEDIUM","HOUSING_STARTS","New Residential Construction / Housing Starts","Census","https://www.census.gov/economic-indicators/calendar-listview.html","DELTA_B_FROZEN_TAXONOMY_V1",""
"20260312_0830_INITIAL_JOBLESS_CLAIMS","2026-03-12","08:30","2026-03-12T12:30:00Z","USD","HIGH","INITIAL_JOBLESS_CLAIMS","Initial Jobless Claims","DOL","https://www.dol.gov/newsroom/releases/eta","DELTA_B_FROZEN_TAXONOMY_V1","Weekly Thursday 08:30 ET schedule"
"20260312_0830_TRADE_BALANCE","2026-03-12","08:30","2026-03-12T12:30:00Z","USD","MEDIUM","TRADE_BALANCE","U.S. International Trade in Goods and Services","BEA/Census","https://www.bea.gov/news/schedule/full","DELTA_B_FROZEN_TAXONOMY_V1",""
"20260313_0830_DURABLE_GOODS_ADVANCE","2026-03-13","08:30","2026-03-13T12:30:00Z","USD","MEDIUM","DURABLE_GOODS_ADVANCE","Advance Durable Goods Orders","Census","https://www.census.gov/economic-indicators/calendar-listview.html","DELTA_B_FROZEN_TAXONOMY_V1",""
"20260313_0830_GDP","2026-03-13","08:30","2026-03-13T12:30:00Z","USD","MEDIUM","GDP","GDP Second Estimate","BEA","https://www.bea.gov/news/schedule/full","DELTA_B_FROZEN_TAXONOMY_V1",""
"20260313_0830_PCE_PERSONAL_INCOME_OUTLAYS","2026-03-13","08:30","2026-03-13T12:30:00Z","USD","HIGH","PCE_PERSONAL_INCOME_OUTLAYS","Personal Income and Outlays / PCE","BEA","https://www.bea.gov/news/schedule/full","DELTA_B_FROZEN_TAXONOMY_V1",""
"20260313_1000_JOLTS","2026-03-13","10:00","2026-03-13T14:00:00Z","USD","HIGH","JOLTS","JOLTS Job Openings","BLS","https://www.bls.gov/schedule/2026/","DELTA_B_FROZEN_TAXONOMY_V1",""
"20260318_0830_PPI","2026-03-18","08:30","2026-03-18T12:30:00Z","USD","MEDIUM","PPI","Producer Price Index","BLS","https://www.bls.gov/schedule/2026/","DELTA_B_FROZEN_TAXONOMY_V1","Project severity classification"
"20260318_1400_FOMC_DECISION","2026-03-18","14:00","2026-03-18T18:00:00Z","USD","HIGH","FOMC_DECISION","FOMC Policy Decision / Statement","Federal Reserve","https://www.federalreserve.gov/monetarypolicy/fomccalendars.htm","DELTA_B_FROZEN_TAXONOMY_V1",""
"20260318_1430_FOMC_PRESS_CONFERENCE","2026-03-18","14:30","2026-03-18T18:30:00Z","USD","HIGH","FOMC_PRESS_CONFERENCE","FOMC Press Conference","Federal Reserve","https://www.federalreserve.gov/monetarypolicy/fomccalendars.htm","DELTA_B_FROZEN_TAXONOMY_V1",""
"20260319_0830_INITIAL_JOBLESS_CLAIMS","2026-03-19","08:30","2026-03-19T12:30:00Z","USD","HIGH","INITIAL_JOBLESS_CLAIMS","Initial Jobless Claims","DOL","https://www.dol.gov/newsroom/releases/eta","DELTA_B_FROZEN_TAXONOMY_V1","Weekly Thursday 08:30 ET schedule"
"20260319_1000_NEW_HOME_SALES","2026-03-19","10:00","2026-03-19T14:00:00Z","USD","MEDIUM","NEW_HOME_SALES","New Residential Sales","Census","https://www.census.gov/economic-indicators/calendar-listview.html","DELTA_B_FROZEN_TAXONOMY_V1",""
"20260326_0830_INITIAL_JOBLESS_CLAIMS","2026-03-26","08:30","2026-03-26T12:30:00Z","USD","HIGH","INITIAL_JOBLESS_CLAIMS","Initial Jobless Claims","DOL","https://www.dol.gov/newsroom/releases/eta","DELTA_B_FROZEN_TAXONOMY_V1","Weekly Thursday 08:30 ET schedule"
"20260331_1000_JOLTS","2026-03-31","10:00","2026-03-31T14:00:00Z","USD","HIGH","JOLTS","JOLTS Job Openings","BLS","https://www.bls.gov/schedule/2026/","DELTA_B_FROZEN_TAXONOMY_V1",""
"20260401_0830_RETAIL_SALES_ADVANCE","2026-04-01","08:30","2026-04-01T12:30:00Z","USD","HIGH","RETAIL_SALES_ADVANCE","Advance Monthly Retail Sales","Census","https://www.census.gov/economic-indicators/calendar-listview.html","DELTA_B_FROZEN_TAXONOMY_V1",""
"20260402_0830_INITIAL_JOBLESS_CLAIMS","2026-04-02","08:30","2026-04-02T12:30:00Z","USD","HIGH","INITIAL_JOBLESS_CLAIMS","Initial Jobless Claims","DOL","https://www.dol.gov/newsroom/releases/eta","DELTA_B_FROZEN_TAXONOMY_V1","Weekly Thursday 08:30 ET schedule"
"20260402_0830_TRADE_BALANCE","2026-04-02","08:30","2026-04-02T12:30:00Z","USD","MEDIUM","TRADE_BALANCE","U.S. International Trade in Goods and Services","BEA/Census","https://www.bea.gov/news/schedule/full","DELTA_B_FROZEN_TAXONOMY_V1",""
"20260403_0830_EMPLOYMENT_SITUATION","2026-04-03","08:30","2026-04-03T12:30:00Z","USD","HIGH","EMPLOYMENT_SITUATION","Employment Situation","BLS","https://www.bls.gov/schedule/2026/","DELTA_B_FROZEN_TAXONOMY_V1",""
"20260407_0830_DURABLE_GOODS_ADVANCE","2026-04-07","08:30","2026-04-07T12:30:00Z","USD","MEDIUM","DURABLE_GOODS_ADVANCE","Advance Durable Goods Orders","Census","https://www.census.gov/economic-indicators/calendar-listview.html","DELTA_B_FROZEN_TAXONOMY_V1",""
"20260408_1400_FOMC_MINUTES","2026-04-08","14:00","2026-04-08T18:00:00Z","USD","MEDIUM","FOMC_MINUTES","FOMC Minutes","Federal Reserve","https://www.federalreserve.gov/monetarypolicy/fomccalendars.htm","DELTA_B_FROZEN_TAXONOMY_V1",""
"20260409_0830_GDP","2026-04-09","08:30","2026-04-09T12:30:00Z","USD","MEDIUM","GDP","GDP Third Estimate","BEA","https://www.bea.gov/news/schedule/full","DELTA_B_FROZEN_TAXONOMY_V1",""
"20260409_0830_INITIAL_JOBLESS_CLAIMS","2026-04-09","08:30","2026-04-09T12:30:00Z","USD","HIGH","INITIAL_JOBLESS_CLAIMS","Initial Jobless Claims","DOL","https://www.dol.gov/newsroom/releases/eta","DELTA_B_FROZEN_TAXONOMY_V1","Weekly Thursday 08:30 ET schedule"
"20260409_0830_PCE_PERSONAL_INCOME_OUTLAYS","2026-04-09","08:30","2026-04-09T12:30:00Z","USD","HIGH","PCE_PERSONAL_INCOME_OUTLAYS","Personal Income and Outlays / PCE","BEA","https://www.bea.gov/news/schedule/full","DELTA_B_FROZEN_TAXONOMY_V1",""
"20260410_0830_CPI","2026-04-10","08:30","2026-04-10T12:30:00Z","USD","HIGH","CPI","Consumer Price Index","BLS","https://www.bls.gov/schedule/2026/","DELTA_B_FROZEN_TAXONOMY_V1",""
"20260414_0830_PPI","2026-04-14","08:30","2026-04-14T12:30:00Z","USD","MEDIUM","PPI","Producer Price Index","BLS","https://www.bls.gov/schedule/2026/","DELTA_B_FROZEN_TAXONOMY_V1","Project severity classification"
"20260415_1400_BEIGE_BOOK","2026-04-15","14:00","2026-04-15T18:00:00Z","USD","MEDIUM","BEIGE_BOOK","Federal Reserve Beige Book","Federal Reserve","https://www.federalreserve.gov/monetarypolicy/fomccalendars.htm","DELTA_B_FROZEN_TAXONOMY_V1",""
"20260416_0830_INITIAL_JOBLESS_CLAIMS","2026-04-16","08:30","2026-04-16T12:30:00Z","USD","HIGH","INITIAL_JOBLESS_CLAIMS","Initial Jobless Claims","DOL","https://www.dol.gov/newsroom/releases/eta","DELTA_B_FROZEN_TAXONOMY_V1","Weekly Thursday 08:30 ET schedule"
"20260421_0830_RETAIL_SALES_ADVANCE","2026-04-21","08:30","2026-04-21T12:30:00Z","USD","HIGH","RETAIL_SALES_ADVANCE","Advance Monthly Retail Sales","Census","https://www.census.gov/economic-indicators/calendar-listview.html","DELTA_B_FROZEN_TAXONOMY_V1",""
"20260423_0830_INITIAL_JOBLESS_CLAIMS","2026-04-23","08:30","2026-04-23T12:30:00Z","USD","HIGH","INITIAL_JOBLESS_CLAIMS","Initial Jobless Claims","DOL","https://www.dol.gov/newsroom/releases/eta","DELTA_B_FROZEN_TAXONOMY_V1","Weekly Thursday 08:30 ET schedule"
"20260429_0830_DURABLE_GOODS_ADVANCE","2026-04-29","08:30","2026-04-29T12:30:00Z","USD","MEDIUM","DURABLE_GOODS_ADVANCE","Advance Durable Goods Orders","Census","https://www.census.gov/economic-indicators/calendar-listview.html","DELTA_B_FROZEN_TAXONOMY_V1",""
"20260429_0830_HOUSING_STARTS","2026-04-29","08:30","2026-04-29T12:30:00Z","USD","MEDIUM","HOUSING_STARTS","New Residential Construction / Housing Starts","Census","https://www.census.gov/economic-indicators/calendar-listview.html","DELTA_B_FROZEN_TAXONOMY_V1",""
"20260429_1400_FOMC_DECISION","2026-04-29","14:00","2026-04-29T18:00:00Z","USD","HIGH","FOMC_DECISION","FOMC Policy Decision / Statement","Federal Reserve","https://www.federalreserve.gov/monetarypolicy/fomccalendars.htm","DELTA_B_FROZEN_TAXONOMY_V1",""
"20260429_1430_FOMC_PRESS_CONFERENCE","2026-04-29","14:30","2026-04-29T18:30:00Z","USD","HIGH","FOMC_PRESS_CONFERENCE","FOMC Press Conference","Federal Reserve","https://www.federalreserve.gov/monetarypolicy/fomccalendars.htm","DELTA_B_FROZEN_TAXONOMY_V1",""
"20260430_0830_ECI","2026-04-30","08:30","2026-04-30T12:30:00Z","USD","MEDIUM","ECI","Employment Cost Index","BLS","https://www.bls.gov/schedule/2026/","DELTA_B_FROZEN_TAXONOMY_V1",""
"20260430_0830_GDP","2026-04-30","08:30","2026-04-30T12:30:00Z","USD","HIGH","GDP","GDP Advance Estimate","BEA","https://www.bea.gov/news/schedule/full","DELTA_B_FROZEN_TAXONOMY_V1",""
"20260430_0830_INITIAL_JOBLESS_CLAIMS","2026-04-30","08:30","2026-04-30T12:30:00Z","USD","HIGH","INITIAL_JOBLESS_CLAIMS","Initial Jobless Claims","DOL","https://www.dol.gov/newsroom/releases/eta","DELTA_B_FROZEN_TAXONOMY_V1","Weekly Thursday 08:30 ET schedule"
"20260430_0830_PCE_PERSONAL_INCOME_OUTLAYS","2026-04-30","08:30","2026-04-30T12:30:00Z","USD","HIGH","PCE_PERSONAL_INCOME_OUTLAYS","Personal Income and Outlays / PCE","BEA","https://www.bea.gov/news/schedule/full","DELTA_B_FROZEN_TAXONOMY_V1",""
"20260505_0830_TRADE_BALANCE","2026-05-05","08:30","2026-05-05T12:30:00Z","USD","MEDIUM","TRADE_BALANCE","U.S. International Trade in Goods and Services","BEA/Census","https://www.bea.gov/news/schedule/full","DELTA_B_FROZEN_TAXONOMY_V1",""
"20260505_1000_JOLTS","2026-05-05","10:00","2026-05-05T14:00:00Z","USD","HIGH","JOLTS","JOLTS Job Openings","BLS","https://www.bls.gov/schedule/2026/","DELTA_B_FROZEN_TAXONOMY_V1",""
"20260505_1000_NEW_HOME_SALES","2026-05-05","10:00","2026-05-05T14:00:00Z","USD","MEDIUM","NEW_HOME_SALES","New Residential Sales","Census","https://www.census.gov/economic-indicators/calendar-listview.html","DELTA_B_FROZEN_TAXONOMY_V1",""
"20260507_0830_INITIAL_JOBLESS_CLAIMS","2026-05-07","08:30","2026-05-07T12:30:00Z","USD","HIGH","INITIAL_JOBLESS_CLAIMS","Initial Jobless Claims","DOL","https://www.dol.gov/newsroom/releases/eta","DELTA_B_FROZEN_TAXONOMY_V1","Weekly Thursday 08:30 ET schedule"
"20260508_0830_EMPLOYMENT_SITUATION","2026-05-08","08:30","2026-05-08T12:30:00Z","USD","HIGH","EMPLOYMENT_SITUATION","Employment Situation","BLS","https://www.bls.gov/schedule/2026/","DELTA_B_FROZEN_TAXONOMY_V1",""
"20260512_0830_CPI","2026-05-12","08:30","2026-05-12T12:30:00Z","USD","HIGH","CPI","Consumer Price Index","BLS","https://www.bls.gov/schedule/2026/","DELTA_B_FROZEN_TAXONOMY_V1",""
"20260513_0830_PPI","2026-05-13","08:30","2026-05-13T12:30:00Z","USD","MEDIUM","PPI","Producer Price Index","BLS","https://www.bls.gov/schedule/2026/","DELTA_B_FROZEN_TAXONOMY_V1","Project severity classification"
"20260514_0830_INITIAL_JOBLESS_CLAIMS","2026-05-14","08:30","2026-05-14T12:30:00Z","USD","HIGH","INITIAL_JOBLESS_CLAIMS","Initial Jobless Claims","DOL","https://www.dol.gov/newsroom/releases/eta","DELTA_B_FROZEN_TAXONOMY_V1","Weekly Thursday 08:30 ET schedule"
"20260514_0830_RETAIL_SALES_ADVANCE","2026-05-14","08:30","2026-05-14T12:30:00Z","USD","HIGH","RETAIL_SALES_ADVANCE","Advance Monthly Retail Sales","Census","https://www.census.gov/economic-indicators/calendar-listview.html","DELTA_B_FROZEN_TAXONOMY_V1",""
"20260520_1400_FOMC_MINUTES","2026-05-20","14:00","2026-05-20T18:00:00Z","USD","MEDIUM","FOMC_MINUTES","FOMC Minutes","Federal Reserve","https://www.federalreserve.gov/monetarypolicy/fomccalendars.htm","DELTA_B_FROZEN_TAXONOMY_V1",""
"20260521_0830_HOUSING_STARTS","2026-05-21","08:30","2026-05-21T12:30:00Z","USD","MEDIUM","HOUSING_STARTS","New Residential Construction / Housing Starts","Census","https://www.census.gov/economic-indicators/calendar-listview.html","DELTA_B_FROZEN_TAXONOMY_V1",""
"20260521_0830_INITIAL_JOBLESS_CLAIMS","2026-05-21","08:30","2026-05-21T12:30:00Z","USD","HIGH","INITIAL_JOBLESS_CLAIMS","Initial Jobless Claims","DOL","https://www.dol.gov/newsroom/releases/eta","DELTA_B_FROZEN_TAXONOMY_V1","Weekly Thursday 08:30 ET schedule"
"20260528_0830_DURABLE_GOODS_ADVANCE","2026-05-28","08:30","2026-05-28T12:30:00Z","USD","MEDIUM","DURABLE_GOODS_ADVANCE","Advance Durable Goods Orders","Census","https://www.census.gov/economic-indicators/calendar-listview.html","DELTA_B_FROZEN_TAXONOMY_V1",""
"20260528_0830_GDP","2026-05-28","08:30","2026-05-28T12:30:00Z","USD","MEDIUM","GDP","GDP Second Estimate","BEA","https://www.bea.gov/news/schedule/full","DELTA_B_FROZEN_TAXONOMY_V1",""
"20260528_0830_INITIAL_JOBLESS_CLAIMS","2026-05-28","08:30","2026-05-28T12:30:00Z","USD","HIGH","INITIAL_JOBLESS_CLAIMS","Initial Jobless Claims","DOL","https://www.dol.gov/newsroom/releases/eta","DELTA_B_FROZEN_TAXONOMY_V1","Weekly Thursday 08:30 ET schedule"
"20260528_0830_PCE_PERSONAL_INCOME_OUTLAYS","2026-05-28","08:30","2026-05-28T12:30:00Z","USD","HIGH","PCE_PERSONAL_INCOME_OUTLAYS","Personal Income and Outlays / PCE","BEA","https://www.bea.gov/news/schedule/full","DELTA_B_FROZEN_TAXONOMY_V1",""
"20260528_1000_NEW_HOME_SALES","2026-05-28","10:00","2026-05-28T14:00:00Z","USD","MEDIUM","NEW_HOME_SALES","New Residential Sales","Census","https://www.census.gov/economic-indicators/calendar-listview.html","DELTA_B_FROZEN_TAXONOMY_V1",""
"20260602_1000_JOLTS","2026-06-02","10:00","2026-06-02T14:00:00Z","USD","HIGH","JOLTS","JOLTS Job Openings","BLS","https://www.bls.gov/schedule/2026/","DELTA_B_FROZEN_TAXONOMY_V1",""
"20260603_1400_BEIGE_BOOK","2026-06-03","14:00","2026-06-03T18:00:00Z","USD","MEDIUM","BEIGE_BOOK","Federal Reserve Beige Book","Federal Reserve","https://www.federalreserve.gov/monetarypolicy/fomccalendars.htm","DELTA_B_FROZEN_TAXONOMY_V1",""
"20260604_0830_INITIAL_JOBLESS_CLAIMS","2026-06-04","08:30","2026-06-04T12:30:00Z","USD","HIGH","INITIAL_JOBLESS_CLAIMS","Initial Jobless Claims","DOL","https://www.dol.gov/newsroom/releases/eta","DELTA_B_FROZEN_TAXONOMY_V1","Weekly Thursday 08:30 ET schedule"
"20260605_0830_EMPLOYMENT_SITUATION","2026-06-05","08:30","2026-06-05T12:30:00Z","USD","HIGH","EMPLOYMENT_SITUATION","Employment Situation","BLS","https://www.bls.gov/schedule/2026/","DELTA_B_FROZEN_TAXONOMY_V1",""
"20260609_0830_TRADE_BALANCE","2026-06-09","08:30","2026-06-09T12:30:00Z","USD","MEDIUM","TRADE_BALANCE","U.S. International Trade in Goods and Services","BEA/Census","https://www.bea.gov/news/schedule/full","DELTA_B_FROZEN_TAXONOMY_V1",""
"20260610_0830_CPI","2026-06-10","08:30","2026-06-10T12:30:00Z","USD","HIGH","CPI","Consumer Price Index","BLS","https://www.bls.gov/schedule/2026/","DELTA_B_FROZEN_TAXONOMY_V1",""
"20260611_0830_INITIAL_JOBLESS_CLAIMS","2026-06-11","08:30","2026-06-11T12:30:00Z","USD","HIGH","INITIAL_JOBLESS_CLAIMS","Initial Jobless Claims","DOL","https://www.dol.gov/newsroom/releases/eta","DELTA_B_FROZEN_TAXONOMY_V1","Weekly Thursday 08:30 ET schedule"
"20260611_0830_PPI","2026-06-11","08:30","2026-06-11T12:30:00Z","USD","MEDIUM","PPI","Producer Price Index","BLS","https://www.bls.gov/schedule/2026/","DELTA_B_FROZEN_TAXONOMY_V1","Project severity classification"
"20260616_0830_HOUSING_STARTS","2026-06-16","08:30","2026-06-16T12:30:00Z","USD","MEDIUM","HOUSING_STARTS","New Residential Construction / Housing Starts","Census","https://www.census.gov/economic-indicators/calendar-listview.html","DELTA_B_FROZEN_TAXONOMY_V1",""
"20260617_0830_RETAIL_SALES_ADVANCE","2026-06-17","08:30","2026-06-17T12:30:00Z","USD","HIGH","RETAIL_SALES_ADVANCE","Advance Monthly Retail Sales","Census","https://www.census.gov/economic-indicators/calendar-listview.html","DELTA_B_FROZEN_TAXONOMY_V1",""
"20260617_1400_FOMC_DECISION","2026-06-17","14:00","2026-06-17T18:00:00Z","USD","HIGH","FOMC_DECISION","FOMC Policy Decision / Statement","Federal Reserve","https://www.federalreserve.gov/monetarypolicy/fomccalendars.htm","DELTA_B_FROZEN_TAXONOMY_V1",""
"20260617_1430_FOMC_PRESS_CONFERENCE","2026-06-17","14:30","2026-06-17T18:30:00Z","USD","HIGH","FOMC_PRESS_CONFERENCE","FOMC Press Conference","Federal Reserve","https://www.federalreserve.gov/monetarypolicy/fomccalendars.htm","DELTA_B_FROZEN_TAXONOMY_V1",""
"20260618_0830_INITIAL_JOBLESS_CLAIMS","2026-06-18","08:30","2026-06-18T12:30:00Z","USD","HIGH","INITIAL_JOBLESS_CLAIMS","Initial Jobless Claims","DOL","https://www.dol.gov/newsroom/releases/eta","DELTA_B_FROZEN_TAXONOMY_V1","Weekly Thursday 08:30 ET schedule"
"20260624_1000_NEW_HOME_SALES","2026-06-24","10:00","2026-06-24T14:00:00Z","USD","MEDIUM","NEW_HOME_SALES","New Residential Sales","Census","https://www.census.gov/economic-indicators/calendar-listview.html","DELTA_B_FROZEN_TAXONOMY_V1",""
"20260625_0830_DURABLE_GOODS_ADVANCE","2026-06-25","08:30","2026-06-25T12:30:00Z","USD","MEDIUM","DURABLE_GOODS_ADVANCE","Advance Durable Goods Orders","Census","https://www.census.gov/economic-indicators/calendar-listview.html","DELTA_B_FROZEN_TAXONOMY_V1",""
"20260625_0830_GDP","2026-06-25","08:30","2026-06-25T12:30:00Z","USD","MEDIUM","GDP","GDP Third Estimate","BEA","https://www.bea.gov/news/schedule/full","DELTA_B_FROZEN_TAXONOMY_V1",""
"20260625_0830_INITIAL_JOBLESS_CLAIMS","2026-06-25","08:30","2026-06-25T12:30:00Z","USD","HIGH","INITIAL_JOBLESS_CLAIMS","Initial Jobless Claims","DOL","https://www.dol.gov/newsroom/releases/eta","DELTA_B_FROZEN_TAXONOMY_V1","Weekly Thursday 08:30 ET schedule"
"20260625_0830_PCE_PERSONAL_INCOME_OUTLAYS","2026-06-25","08:30","2026-06-25T12:30:00Z","USD","HIGH","PCE_PERSONAL_INCOME_OUTLAYS","Personal Income and Outlays / PCE","BEA","https://www.bea.gov/news/schedule/full","DELTA_B_FROZEN_TAXONOMY_V1",""
"20260630_1000_JOLTS","2026-06-30","10:00","2026-06-30T14:00:00Z","USD","HIGH","JOLTS","JOLTS Job Openings","BLS","https://www.bls.gov/schedule/2026/","DELTA_B_FROZEN_TAXONOMY_V1",""
"20260702_0830_EMPLOYMENT_SITUATION","2026-07-02","08:30","2026-07-02T12:30:00Z","USD","HIGH","EMPLOYMENT_SITUATION","Employment Situation","BLS","https://www.bls.gov/schedule/2026/","DELTA_B_FROZEN_TAXONOMY_V1",""
"20260702_0830_INITIAL_JOBLESS_CLAIMS","2026-07-02","08:30","2026-07-02T12:30:00Z","USD","HIGH","INITIAL_JOBLESS_CLAIMS","Initial Jobless Claims","DOL","https://www.dol.gov/newsroom/releases/eta","DELTA_B_FROZEN_TAXONOMY_V1","Weekly Thursday 08:30 ET schedule"
"20260707_0830_TRADE_BALANCE","2026-07-07","08:30","2026-07-07T12:30:00Z","USD","MEDIUM","TRADE_BALANCE","U.S. International Trade in Goods and Services","BEA/Census","https://www.bea.gov/news/schedule/full","DELTA_B_FROZEN_TAXONOMY_V1",""
"20260708_1400_FOMC_MINUTES","2026-07-08","14:00","2026-07-08T18:00:00Z","USD","MEDIUM","FOMC_MINUTES","FOMC Minutes","Federal Reserve","https://www.federalreserve.gov/monetarypolicy/fomccalendars.htm","DELTA_B_FROZEN_TAXONOMY_V1",""
"20260709_0830_INITIAL_JOBLESS_CLAIMS","2026-07-09","08:30","2026-07-09T12:30:00Z","USD","HIGH","INITIAL_JOBLESS_CLAIMS","Initial Jobless Claims","DOL","https://www.dol.gov/newsroom/releases/eta","DELTA_B_FROZEN_TAXONOMY_V1","Weekly Thursday 08:30 ET schedule"
"20260714_0830_CPI","2026-07-14","08:30","2026-07-14T12:30:00Z","USD","HIGH","CPI","Consumer Price Index","BLS","https://www.bls.gov/schedule/2026/","DELTA_B_FROZEN_TAXONOMY_V1",""
"20260715_0830_PPI","2026-07-15","08:30","2026-07-15T12:30:00Z","USD","MEDIUM","PPI","Producer Price Index","BLS","https://www.bls.gov/schedule/2026/","DELTA_B_FROZEN_TAXONOMY_V1","Project severity classification"
"20260715_1400_BEIGE_BOOK","2026-07-15","14:00","2026-07-15T18:00:00Z","USD","MEDIUM","BEIGE_BOOK","Federal Reserve Beige Book","Federal Reserve","https://www.federalreserve.gov/monetarypolicy/fomccalendars.htm","DELTA_B_FROZEN_TAXONOMY_V1",""
"20260716_0830_INITIAL_JOBLESS_CLAIMS","2026-07-16","08:30","2026-07-16T12:30:00Z","USD","HIGH","INITIAL_JOBLESS_CLAIMS","Initial Jobless Claims","DOL","https://www.dol.gov/newsroom/releases/eta","DELTA_B_FROZEN_TAXONOMY_V1","Weekly Thursday 08:30 ET schedule"
"20260716_0830_RETAIL_SALES_ADVANCE","2026-07-16","08:30","2026-07-16T12:30:00Z","USD","HIGH","RETAIL_SALES_ADVANCE","Advance Monthly Retail Sales","Census","https://www.census.gov/economic-indicators/calendar-listview.html","DELTA_B_FROZEN_TAXONOMY_V1",""
"20260717_0830_HOUSING_STARTS","2026-07-17","08:30","2026-07-17T12:30:00Z","USD","MEDIUM","HOUSING_STARTS","New Residential Construction / Housing Starts","Census","https://www.census.gov/economic-indicators/calendar-listview.html","DELTA_B_FROZEN_TAXONOMY_V1",""
"20260723_0830_INITIAL_JOBLESS_CLAIMS","2026-07-23","08:30","2026-07-23T12:30:00Z","USD","HIGH","INITIAL_JOBLESS_CLAIMS","Initial Jobless Claims","DOL","https://www.dol.gov/newsroom/releases/eta","DELTA_B_FROZEN_TAXONOMY_V1","Weekly Thursday 08:30 ET schedule"
"20260724_1000_NEW_HOME_SALES","2026-07-24","10:00","2026-07-24T14:00:00Z","USD","MEDIUM","NEW_HOME_SALES","New Residential Sales","Census","https://www.census.gov/economic-indicators/calendar-listview.html","DELTA_B_FROZEN_TAXONOMY_V1",""
"20260727_0830_DURABLE_GOODS_ADVANCE","2026-07-27","08:30","2026-07-27T12:30:00Z","USD","MEDIUM","DURABLE_GOODS_ADVANCE","Advance Durable Goods Orders","Census","https://www.census.gov/economic-indicators/calendar-listview.html","DELTA_B_FROZEN_TAXONOMY_V1",""
"20260729_1400_FOMC_DECISION","2026-07-29","14:00","2026-07-29T18:00:00Z","USD","HIGH","FOMC_DECISION","FOMC Policy Decision / Statement","Federal Reserve","https://www.federalreserve.gov/monetarypolicy/fomccalendars.htm","DELTA_B_FROZEN_TAXONOMY_V1",""
"20260729_1430_FOMC_PRESS_CONFERENCE","2026-07-29","14:30","2026-07-29T18:30:00Z","USD","HIGH","FOMC_PRESS_CONFERENCE","FOMC Press Conference","Federal Reserve","https://www.federalreserve.gov/monetarypolicy/fomccalendars.htm","DELTA_B_FROZEN_TAXONOMY_V1",""
"20260730_0830_GDP","2026-07-30","08:30","2026-07-30T12:30:00Z","USD","HIGH","GDP","GDP Advance Estimate","BEA","https://www.bea.gov/news/schedule/full","DELTA_B_FROZEN_TAXONOMY_V1",""
"20260730_0830_INITIAL_JOBLESS_CLAIMS","2026-07-30","08:30","2026-07-30T12:30:00Z","USD","HIGH","INITIAL_JOBLESS_CLAIMS","Initial Jobless Claims","DOL","https://www.dol.gov/newsroom/releases/eta","DELTA_B_FROZEN_TAXONOMY_V1","Weekly Thursday 08:30 ET schedule"
"20260730_0830_PCE_PERSONAL_INCOME_OUTLAYS","2026-07-30","08:30","2026-07-30T12:30:00Z","USD","HIGH","PCE_PERSONAL_INCOME_OUTLAYS","Personal Income and Outlays / PCE","BEA","https://www.bea.gov/news/schedule/full","DELTA_B_FROZEN_TAXONOMY_V1",""
"20260731_0830_ECI","2026-07-31","08:30","2026-07-31T12:30:00Z","USD","MEDIUM","ECI","Employment Cost Index","BLS","https://www.bls.gov/schedule/2026/","DELTA_B_FROZEN_TAXONOMY_V1",""
