window,age_lo,age_hi,hold_s,trades,wins,win_rate,net,gp,gl,pf,avg,max_dd,positive_months,monthly_json
AGE_7_9,7,9,600,443,177,0.39954853273137697,-232.1310000000073,932.082999999996,-1164.2140000000034,0.8006113996224005,-0.5239977426636734,281.9280000000032,2,"{""2026-01"": {""avg"": -0.9461428571429248, ""gl"": -174.30500000000285, ""gp"": 114.69799999999852, ""max_dd"": 86.17500000000389, ""net"": -59.60700000000426, ""pf"": 0.6580304638420965, ""trades"": 63, ""win_rate"": 0.3968253968253968, ""wins"": 25}, ""2026-02"": {""avg"": 0.1493275862068793, ""gl"": -183.46100000000183, ""gp"": 192.12200000000075, ""max_dd"": 73.68800000000188, ""net"": 8.660999999999, ""pf"": 1.0472089435901846, ""trades"": 58, ""win_rate"": 0.3793103448275862, ""wins"": 22}, ""2026-03"": {""avg"": -0.36944444444445446, ""gl"": -224.08099999999916, ""gp"": 197.48099999999832, ""max_dd"": 127.62300000000027, ""net"": -26.60000000000072, ""pf"": 0.8812929253261055, ""trades"": 72, ""win_rate"": 0.3888888888888889, ""wins"": 28}, ""2026-04"": {""avg"": 0.49876363636358984, ""gl"": -112.7760000000017, ""gp"": 140.20799999999915, ""max_dd"": 36.774000000000555, ""net"": 27.43199999999744, ""pf"": 1.243243243243217, ""trades"": 55, ""win_rate"": 0.4727272727272727, ""wins"": 26}, ""2026-05"": {""avg"": -1.906814285714237, ""gl"": -192.74299999999585, ""gp"": 59.26599999999926, ""max_dd"": 140.31999999999627, ""net"": -133.4769999999966, ""pf"": 0.30748717203737896, ""trades"": 70, ""win_rate"": 0.2857142857142857, ""wins"": 20}, ""2026-06"": {""avg"": -0.08620000000005305, ""gl"": -138.588000000002, ""gp"": 134.27799999999928, ""max_dd"": 52.07500000000209, ""net"": -4.310000000002653, ""pf"": 0.9689006263168336, ""trades"": 50, ""win_rate"": 0.52, ""wins"": 26}, ""2026-07"": {""avg"": -0.5897333333333276, ""gl"": -138.26000000000016, ""gp"": 94.0300000000006, ""max_dd"": 54.94000000000098, ""net"": -44.22999999999956, ""pf"": 0.6800954722985715, ""trades"": 75, ""win_rate"": 0.4, ""wins"": 30}}"
AGE_7_9,7,9,900,427,191,0.44730679156908665,53.74699999999446,1283.4829999999959,-1229.7360000000012,1.043706128795119,0.12587119437937813,196.43699999999714,4,"{""2026-01"": {""avg"": 0.9140158730157557, ""gl"": -176.84800000000294, ""gp"": 234.4309999999955, ""max_dd"": 64.42200000000689, ""net"": 57.58299999999261, ""pf"": 1.325607301185151, ""trades"": 63, ""win_rate"": 0.4126984126984127, ""wins"": 26}, ""2026-02"": {""avg"": 1.5143272727272885, ""gl"": -186.20099999999786, ""gp"": 269.48899999999867, ""max_dd"": 73.09799999999892, ""net"": 83.28800000000086, ""pf"": 1.4473015719571956, ""trades"": 55, ""win_rate"": 0.4909090909090909, ""wins"": 27}, ""2026-03"": {""avg"": -0.882464788732415, ""gl"": -279.35500000000116, ""gp"": 216.69999999999973, ""max_dd"": 139.36799999999857, ""net"": -62.655000000001465, ""pf"": 0.7757154874621855, ""trades"": 71, ""win_rate"": 0.38028169014084506, ""wins"": 27}, ""2026-04"": {""avg"": 1.107166666666637, ""gl"": -121.72800000000187, ""gp"": 181.5150000000002, ""max_dd"": 38.52000000000071, ""net"": 59.7869999999984, ""pf"": 1.491152405362755, ""trades"": 54, ""win_rate"": 0.5370370370370371, ""wins"": 29}, ""2026-05"": {""avg"": -1.4094626865671507, ""gl"": -186.64599999999913, ""gp"": 92.21199999999999, ""max_dd"": 123.01699999999859, ""net"": -94.4339999999991, ""pf"": 0.49404755526504945, ""trades"": 67, ""win_rate"": 0.3880597014925373, ""wins"": 26}, ""2026-06"": {""avg"": 0.21868085106382734, ""gl"": -149.18800000000016, ""gp"": 159.46599999999992, ""max_dd"": 57.47399999999858, ""net"": 10.277999999999885, ""pf"": 1.068892940450973, ""trades"": 47, ""win_rate"": 0.44680851063829785, ""wins"": 21}, ""2026-07"": {""avg"": -0.0014285714285229925, ""gl"": -129.76999999999833, ""gp"": 129.67000000000172, ""max_dd"": 42.699999999997935, ""net"": -0.09999999999660947, ""pf"": 0.9992294058719533, ""trades"": 70, ""win_rate"": 0.5, ""wins"": 35}}"
AGE_7_9,7,9,1200,422,193,0.45734597156398105,167.23799999999545,1562.4809999999948,-1395.2429999999993,1.1198629916079104,0.39629857819904135,150.38200000000273,4,"{""2026-01"": {""avg"": 0.1929516129031747, ""gl"": -278.10400000000317, ""gp"": 290.06699999999995, ""max_dd"": 150.38200000000273, ""net"": 11.962999999996832, ""pf"": 1.0430162816787845, ""trades"": 62, ""win_rate"": 0.43548387096774194, ""wins"": 27}, ""2026-02"": {""avg"": 2.9605999999999657, ""gl"": -196.56700000000149, ""gp"": 359.39999999999964, ""max_dd"": 61.95699999999928, ""net"": 162.83299999999812, ""pf"": 1.828384215051341, ""trades"": 55, ""win_rate"": 0.4909090909090909, ""wins"": 27}, ""2026-03"": {""avg"": -0.10240579710141827, ""gl"": -292.14399999999637, ""gp"": 285.0779999999986, ""max_dd"": 100.98399999999533, ""net"": -7.06599999999786, ""pf"": 0.9758132975518996, ""trades"": 69, ""win_rate"": 0.391304347826087, ""wins"": 27}, ""2026-04"": {""avg"": 1.5252264150943557, ""gl"": -120.07800000000088, ""gp"": 200.9150000000017, ""max_dd"": 33.58999999999941, ""net"": 80.83700000000086, ""pf"": 1.6732040840120606, ""trades"": 53, ""win_rate"": 0.5094339622641509, ""wins"": 27}, ""2026-05"": {""avg"": -1.4457727272727632, ""gl"": -201.48600000000067, ""gp"": 106.06499999999826, ""max_dd"": 124.3970000000019, ""net"": -95.42100000000237, ""pf"": 0.5264137458681889, ""trades"": 66, ""win_rate"": 0.36363636363636365, ""wins"": 24}, ""2026-06"": {""avg"": 0.6879148936169136, ""gl"": -164.20400000000097, ""gp"": 196.53599999999582, ""max_dd"": 66.88700000000037, ""net"": 32.33199999999494, ""pf"": 1.1969014153126274, ""trades"": 47, ""win_rate"": 0.6170212765957447, ""wins"": 29}, ""2026-07"": {""avg"": -0.26057142857135884, ""gl"": -142.65999999999602, ""gp"": 124.42000000000087, ""max_dd"": 36.549999999996025, ""net"": -18.23999999999512, ""pf"": 0.8721435581102225, ""trades"": 70, ""win_rate"": 0.45714285714285713, ""wins"": 32}}"
AGE_7_9,7,9,1800,420,204,0.4857142857142857,509.20699999999783,1963.983000000002,-1454.776000000004,1.3500243336431152,1.2123976190476138,99.70300000000313,5,"{""2026-01"": {""avg"": 1.827295081967175, ""gl"": -242.56600000000225, ""gp"": 354.0309999999999, ""max_dd"": 99.70300000000313, ""net"": 111.46499999999767, ""pf"": 1.4595244180965041, ""trades"": 61, ""win_rate"": 0.4426229508196721, ""wins"": 27}, ""2026-02"": {""avg"": 3.2217454545454256, ""gl"": -215.86900000000068, ""gp"": 393.06499999999915, ""max_dd"": 76.077000000001, ""net"": 177.1959999999984, ""pf"": 1.8208496819830449, ""trades"": 55, ""win_rate"": 0.509090909090909, ""wins"": 28}, ""2026-03"": {""avg"": 1.658623188405795, ""gl"": -266.10699999999923, ""gp"": 380.5519999999991, ""max_dd"": 60.55199999999779, ""net"": 114.44499999999985, ""pf"": 1.4300713622715682, ""trades"": 69, ""win_rate"": 0.5507246376811594, ""wins"": 38}, ""2026-04"": {""avg"": 1.5290566037735929, ""gl"": -174.13000000000244, ""gp"": 255.17000000000277, ""max_dd"": 38.40599999999971, ""net"": 81.04000000000042, ""pf"": 1.4653994142307425, ""trades"": 53, ""win_rate"": 0.5094339622641509, ""wins"": 27}, ""2026-05"": {""avg"": -0.19177272727276123, ""gl"": -205.56600000000145, ""gp"": 192.90899999999914, ""max_dd"": 77.57600000000217, ""net"": -12.657000000002242, ""pf"": 0.9384285339015098, ""trades"": 66, ""win_rate"": 0.3939393939393939, ""wins"": 26}, ""2026-06"": {""avg"": 1.1912608695651945, ""gl"": -176.9580000000005, ""gp"": 231.75599999999937, ""max_dd"": 63.736999999999384, ""net"": 54.79799999999895, ""pf"": 1.30966670057301, ""trades"": 46, ""win_rate"": 0.5434782608695652, ""wins"": 25}, ""2026-07"": {""avg"": -0.24399999999993227, ""gl"": -173.5799999999979, ""gp"": 156.5000000000026, ""max_dd"": 41.67999999999761, ""net"": -17.07999999999526, ""pf"": 0.9016015670008323, ""trades"": 70, ""win_rate"": 0.4714285714285714, ""wins"": 33}}"
AGE_7_10,7,10,600,515,204,0.39611650485436894,-280.632000000007,1072.0519999999963,-1352.684000000003,0.7925369117990557,-0.5449165048543825,300.60700000000656,1,"{""2026-01"": {""avg"": -0.9263417721519512, ""gl"": -216.25900000000226, ""gp"": 143.0779999999981, ""max_dd"": 108.60900000000291, ""net"": -73.18100000000415, ""pf"": 0.6616048349432699, ""trades"": 79, ""win_rate"": 0.379746835443038, ""wins"": 30}, ""2026-02"": {""avg"": -0.41083582089554455, ""gl"": -225.6720000000026, ""gp"": 198.1460000000011, ""max_dd"": 101.2270000000024, ""net"": -27.526000000001485, ""pf"": 0.8780265163600216, ""trades"": 67, ""win_rate"": 0.3582089552238806, ""wins"": 24}, ""2026-03"": {""avg"": -0.4691071428571463, ""gl"": -276.4289999999986, ""gp"": 237.02399999999835, ""max_dd"": 144.32900000000205, ""net"": -39.405000000000285, ""pf"": 0.8574498334111094, ""trades"": 84, ""win_rate"": 0.36904761904761907, ""wins"": 31}, ""2026-04"": {""avg"": 0.6715573770491424, ""gl"": -114.83600000000166, ""gp"": 155.80099999999936, ""max_dd"": 33.32700000000081, ""net"": 40.96499999999769, ""pf"": 1.3567261137622098, ""trades"": 61, ""win_rate"": 0.5081967213114754, ""wins"": 31}, ""2026-05"": {""avg"": -1.7865921052631162, ""gl"": -198.68999999999602, ""gp"": 62.908999999999224, ""max_dd"": 142.72399999999638, ""net"": -135.78099999999682, ""pf"": 0.31661885349036434, ""trades"": 76, ""win_rate"": 0.3157894736842105, ""wins"": 24}, ""2026-06"": {""avg"": -0.1811935483871212, ""gl"": -167.6980000000009, ""gp"": 156.46399999999932, ""max_dd"": 71.79500000000066, ""net"": -11.234000000001515, ""pf"": 0.9330105308351828, ""trades"": 62, ""win_rate"": 0.4838709677419355, ""wins"": 30}, ""2026-07"": {""avg"": -0.4008139534883773, ""gl"": -153.10000000000088, ""gp"": 118.63000000000042, ""max_dd"": 43.7999999999991, ""net"": -34.47000000000045, ""pf"": 0.7748530372305665, ""trades"": 86, ""win_rate"": 0.3953488372093023, ""wins"": 34}}"
AGE_7_10,7,10,900,489,213,0.43558282208588955,29.546999999993062,1451.9919999999938,-1422.4450000000004,1.0207719806389657,0.0604233128834214,196.60400000000504,4,"{""2026-01"": {""avg"": 0.7968399999999146, ""gl"": -213.72800000000092, ""gp"": 273.49099999999436, ""max_dd"": 80.61400000000037, ""net"": 59.762999999993596, ""pf"": 1.2796217622398243, ""trades"": 75, ""win_rate"": 0.41333333333333333, ""wins"": 31}, ""2026-02"": {""avg"": 0.8079365079365057, ""gl"": -229.14899999999915, ""gp"": 280.04899999999907, ""max_dd"": 98.01199999999974, ""net"": 50.899999999999864, ""pf"": 1.2221262148209249, ""trades"": 63, ""win_rate"": 0.4603174603174603, ""wins"": 29}, ""2026-03"": {""avg"": -0.6753250000000273, ""gl"": -322.9690000000013, ""gp"": 268.9429999999992, ""max_dd"": 130.77300000000247, ""net"": -54.026000000002185, ""pf"": 0.8327207874439903, ""trades"": 80, ""win_rate"": 0.3625, ""wins"": 29}, ""2026-04"": {""avg"": 1.1731694915254078, ""gl"": -126.97800000000146, ""gp"": 196.19500000000042, ""max_dd"": 40.460000000000306, ""net"": 69.21699999999906, ""pf"": 1.545110176566005, ""trades"": 59, ""win_rate"": 0.5254237288135594, ""wins"": 31}, ""2026-05"": {""avg"": -1.4259041095890326, ""gl"": -200.6429999999986, ""gp"": 96.5519999999992, ""max_dd"": 130.3039999999985, ""net"": -104.09099999999938, ""pf"": 0.4812129005248121, ""trades"": 73, ""win_rate"": 0.3835616438356164, ""wins"": 28}, ""2026-06"": {""avg"": -0.012689655172421958, ""gl"": -184.32799999999963, ""gp"": 183.59199999999913, ""max_dd"": 61.009999999999486, ""net"": -0.7360000000004736, ""pf"": 0.9960071177466229, ""trades"": 58, ""win_rate"": 0.4482758620689655, ""wins"": 26}, ""2026-07"": {""avg"": 0.10518518518521755, ""gl"": -144.64999999999952, ""gp"": 153.17000000000206, ""max_dd"": 32.449999999998255, ""net"": 8.520000000002621, ""pf"": 1.0589007950224858, ""trades"": 81, ""win_rate"": 0.48148148148148145, ""wins"": 39}}"
AGE_7_10,7,10,1200,482,219,0.45435684647302904,122.64299999999315,1730.4249999999943,-1607.782000000001,1.0762808639479688,0.2544460580912721,169.16900000000362,5,"{""2026-01"": {""avg"": 0.16102702702696237, ""gl"": -322.2840000000035, ""gp"": 334.1999999999988, ""max_dd"": 169.16900000000362, ""net"": 11.915999999995215, ""pf"": 1.036973600923394, ""trades"": 74, ""win_rate"": 0.44594594594594594, ""wins"": 33}, ""2026-02"": {""avg"": 1.8843387096773676, ""gl"": -244.23100000000312, ""gp"": 361.05999999999995, ""max_dd"": 82.710000000002, ""net"": 116.8289999999968, ""pf"": 1.47835450864139, ""trades"": 62, ""win_rate"": 0.45161290322580644, ""wins"": 28}, ""2026-03"": {""avg"": -0.5341153846153566, ""gl"": -347.6989999999963, ""gp"": 306.03799999999865, ""max_dd"": 126.5949999999958, ""net"": -41.66099999999781, ""pf"": 0.8801808460766407, ""trades"": 78, ""win_rate"": 0.3717948717948718, ""wins"": 29}, ""2026-04"": {""avg"": 1.5008103448276078, ""gl"": -124.60800000000066, ""gp"": 211.65500000000185, ""max_dd"": 27.847000000002122, ""net"": 87.04700000000125, ""pf"": 1.6985667051874738, ""trades"": 58, ""win_rate"": 0.5172413793103449, ""wins"": 30}, ""2026-05"": {""avg"": -1.5531666666667032, ""gl"": -221.0460000000012, ""gp"": 109.21799999999848, ""max_dd"": 137.27400000000185, ""net"": -111.82800000000263, ""pf"": 0.49409625145896285, ""trades"": 72, ""win_rate"": 0.3611111111111111, ""wins"": 26}, ""2026-06"": {""avg"": 0.9051379310344029, ""gl"": -197.89399999999978, ""gp"": 250.39199999999505, ""max_dd"": 53.47399999999999, ""net"": 52.497999999995365, ""pf"": 1.2652834345659563, ""trades"": 58, ""win_rate"": 0.6206896551724138, ""wins"": 36}, ""2026-07"": {""avg"": 0.09802500000006278, ""gl"": -150.01999999999668, ""gp"": 157.86200000000164, ""max_dd"": 32.26999999999747, ""net"": 7.842000000005022, ""pf"": 1.052273030262666, ""trades"": 80, ""win_rate"": 0.4625, ""wins"": 37}}"
AGE_7_10,7,10,1800,476,231,0.4852941176470588,487.96699999999936,2176.2880000000014,-1688.3210000000013,1.289025013608194,1.0251407563025197,127.62099999999947,5,"{""2026-01"": {""avg"": 2.0009315068492692, ""gl"": -274.553000000001, ""gp"": 420.6209999999977, ""max_dd"": 127.62099999999947, ""net"": 146.06799999999666, ""pf"": 1.532021139816342, ""trades"": 73, ""win_rate"": 0.4657534246575342, ""wins"": 34}, ""2026-02"": {""avg"": 2.180639344262258, ""gl"": -271.7190000000002, ""gp"": 404.737999999998, ""max_dd"": 95.2540000000041, ""net"": 133.01899999999773, ""pf"": 1.4895461855814194, ""trades"": 61, ""win_rate"": 0.4918032786885246, ""wins"": 30}, ""2026-03"": {""avg"": 0.5724487179487212, ""gl"": -347.6609999999988, ""gp"": 392.3119999999992, ""max_dd"": 123.40899999999789, ""net"": 44.65100000000025, ""pf"": 1.1284325823143826, ""trades"": 78, ""win_rate"": 0.5128205128205128, ""wins"": 40}, ""2026-04"": {""avg"": 2.010754385964924, ""gl"": -182.16000000000264, ""gp"": 296.7730000000033, ""max_dd"": 29.1700000000001, ""net"": 114.61300000000065, ""pf"": 1.6291886253842722, ""trades"": 57, ""win_rate"": 0.5263157894736842, ""wins"": 30}, ""2026-05"": {""avg"": -0.3230277777777928, ""gl"": -221.93000000000023, ""gp"": 198.671999999999, ""max_dd"": 81.63000000000098, ""net"": -23.258000000001083, ""pf"": 0.8952011895642716, ""trades"": 72, ""win_rate"": 0.3888888888888889, ""wins"": 28}, ""2026-06"": {""avg"": 1.472750000000009, ""gl"": -205.59799999999998, ""gp"": 288.07200000000046, ""max_dd"": 39.64100000000158, ""net"": 82.47400000000052, ""pf"": 1.4011420344555905, ""trades"": 56, ""win_rate"": 0.5535714285714286, ""wins"": 31}, ""2026-07"": {""avg"": -0.12151898734171403, ""gl"": -184.69999999999874, ""gp"": 175.10000000000326, ""max_dd"": 45.439999999999344, ""net"": -9.599999999995408, ""pf"": 0.9480238224147507, ""trades"": 79, ""win_rate"": 0.4810126582278481, ""wins"": 38}}"
AGE_8_9,8,9,600,259,104,0.4015444015444015,-27.000000000003304,683.1769999999956,-710.1769999999988,0.9619813088849636,-0.104247104247117,117.67400000000056,3,"{""2026-01"": {""avg"": 1.0533235294117769, ""gl"": -106.31499999999997, ""gp"": 142.1280000000004, ""max_dd"": 50.291999999999945, ""net"": 35.813000000000415, ""pf"": 1.336857451911776, ""trades"": 34, ""win_rate"": 0.35294117647058826, ""wins"": 12}, ""2026-02"": {""avg"": -0.7306486486487186, ""gl"": -137.69400000000175, ""gp"": 110.65999999999919, ""max_dd"": 71.59700000000207, ""net"": -27.03400000000259, ""pf"": 0.8036661001931659, ""trades"": 37, ""win_rate"": 0.35135135135135137, ""wins"": 13}, ""2026-03"": {""avg"": -0.12896078431375646, ""gl"": -157.56500000000065, ""gp"": 150.98799999999892, ""max_dd"": 88.25000000000082, ""net"": -6.577000000001579, ""pf"": 0.9582584964934998, ""trades"": 51, ""win_rate"": 0.43137254901960786, ""wins"": 22}, ""2026-04"": {""avg"": 1.2974444444443407, ""gl"": -54.40800000000104, ""gp"": 89.43899999999826, ""max_dd"": 16.973999999999005, ""net"": 35.0309999999972, ""pf"": 1.6438575209527377, ""trades"": 27, ""win_rate"": 0.5185185185185185, ""wins"": 14}, ""2026-05"": {""avg"": -2.162272727272635, ""gl"": -105.1579999999958, ""gp"": 33.80299999999883, ""max_dd"": 78.98499999999706, ""net"": -71.35499999999696, ""pf"": 0.3214496281785521, ""trades"": 33, ""win_rate"": 0.24242424242424243, ""wins"": 8}, ""2026-06"": {""avg"": 1.8289999999999649, ""gl"": -50.30700000000045, ""gp"": 101.51899999999947, ""max_dd"": 21.927000000000227, ""net"": 51.211999999999016, ""pf"": 2.017989544198592, ""trades"": 28, ""win_rate"": 0.6071428571428571, ""wins"": 17}, ""2026-07"": {""avg"": -0.8997959183673215, ""gl"": -98.72999999999918, ""gp"": 54.640000000000455, ""max_dd"": 45.2899999999984, ""net"": -44.08999999999875, ""pf"": 0.5534285424896274, ""trades"": 49, ""win_rate"": 0.3673469387755102, ""wins"": 18}}"
AGE_8_9,8,9,900,255,115,0.45098039215686275,59.62399999999654,841.274999999997,-781.6510000000005,1.0762795672237309,0.2338196078431237,137.4430000000062,3,"{""2026-01"": {""avg"": 4.038147058823471, ""gl"": -87.83500000000082, ""gp"": 225.1319999999989, ""max_dd"": 36.41700000000007, ""net"": 137.296999999998, ""pf"": 2.5631240393920054, ""trades"": 34, ""win_rate"": 0.4411764705882353, ""wins"": 15}, ""2026-02"": {""avg"": -0.3789189189189119, ""gl"": -141.63099999999838, ""gp"": 127.61099999999865, ""max_dd"": 54.0439999999988, ""net"": -14.01999999999974, ""pf"": 0.9010103720230749, ""trades"": 37, ""win_rate"": 0.4864864864864865, ""wins"": 18}, ""2026-03"": {""avg"": -1.5998979591837281, ""gl"": -227.1460000000017, ""gp"": 148.750999999999, ""max_dd"": 127.1780000000025, ""net"": -78.39500000000268, ""pf"": 0.654869555264006, ""trades"": 49, ""win_rate"": 0.32653061224489793, ""wins"": 16}, ""2026-04"": {""avg"": 1.7068518518518185, ""gl"": -70.63100000000145, ""gp"": 116.71600000000056, ""max_dd"": 13.657000000000188, ""net"": 46.0849999999991, ""pf"": 1.652475541900839, ""trades"": 27, ""win_rate"": 0.5555555555555556, ""wins"": 15}, ""2026-05"": {""avg"": -1.794909090909149, ""gl"": -99.67100000000059, ""gp"": 40.43899999999867, ""max_dd"": 69.74200000000215, ""net"": -59.23200000000192, ""pf"": 0.4057248347061676, ""trades"": 33, ""win_rate"": 0.45454545454545453, ""wins"": 15}, ""2026-06"": {""avg"": 1.5036666666667047, ""gl"": -61.65699999999905, ""gp"": 102.25600000000009, ""max_dd"": 28.50399999999913, ""net"": 40.59900000000103, ""pf"": 1.6584653810597605, ""trades"": 27, ""win_rate"": 0.48148148148148145, ""wins"": 13}, ""2026-07"": {""avg"": -0.2647916666666095, ""gl"": -93.07999999999855, ""gp"": 80.37000000000131, ""max_dd"": 22.18999999999969, ""net"": -12.709999999997256, ""pf"": 0.8634507950150684, ""trades"": 48, ""win_rate"": 0.4791666666666667, ""wins"": 23}}"
AGE_8_9,8,9,1200,253,116,0.45849802371541504,131.28400000000428,1003.4410000000001,-872.1569999999958,1.150527943936705,0.5189090909091079,92.97999999999475,4,"{""2026-01"": {""avg"": 1.7346363636363993, ""gl"": -137.05799999999988, ""gp"": 194.30100000000107, ""max_dd"": 63.19699999999934, ""net"": 57.243000000001174, ""pf"": 1.417655299216399, ""trades"": 33, ""win_rate"": 0.42424242424242425, ""wins"": 14}, ""2026-02"": {""avg"": -0.2101621621621879, ""gl"": -152.46700000000092, ""gp"": 144.69099999999995, ""max_dd"": 64.18000000000116, ""net"": -7.776000000000952, ""pf"": 0.9489987997402656, ""trades"": 37, ""win_rate"": 0.4594594594594595, ""wins"": 17}, ""2026-03"": {""avg"": -0.36064583333326944, ""gl"": -239.70899999999543, ""gp"": 222.3979999999984, ""max_dd"": 92.97999999999485, ""net"": -17.310999999996934, ""pf"": 0.9277832705488849, ""trades"": 48, ""win_rate"": 0.3958333333333333, ""wins"": 19}, ""2026-04"": {""avg"": 2.346962962962943, ""gl"": -78.83800000000228, ""gp"": 142.20600000000167, ""max_dd"": 24.390000000001276, ""net"": 63.36799999999946, ""pf"": 1.8037748293969602, ""trades"": 27, ""win_rate"": 0.4444444444444444, ""wins"": 12}, ""2026-05"": {""avg"": -1.3987575757576518, ""gl"": -100.50800000000059, ""gp"": 54.348999999998085, ""max_dd"": 58.97200000000261, ""net"": -46.15900000000251, ""pf"": 0.5407430254307892, ""trades"": 33, ""win_rate"": 0.42424242424242425, ""wins"": 14}, ""2026-06"": {""avg"": 2.80292592592586, ""gl"": -69.34700000000036, ""gp"": 145.02599999999862, ""max_dd"": 36.26700000000038, ""net"": 75.67899999999823, ""pf"": 2.0913089246830845, ""trades"": 27, ""win_rate"": 0.6666666666666666, ""wins"": 18}, ""2026-07"": {""avg"": 0.1300000000001198, ""gl"": -94.22999999999638, ""gp"": 100.47000000000216, ""max_dd"": 23.319999999999343, ""net"": 6.24000000000575, ""pf"": 1.0662209487425025, ""trades"": 48, ""win_rate"": 0.4583333333333333, ""wins"": 22}}"
AGE_8_9,8,9,1800,252,120,0.47619047619047616,296.23799999999665,1231.4849999999974,-935.2470000000008,1.3167484097783755,1.1755476190476057,76.77100000000218,5,"{""2026-01"": {""avg"": 5.452937500000028, ""gl"": -92.93000000000053, ""gp"": 267.42400000000146, ""max_dd"": 31.486999999999753, ""net"": 174.4940000000009, ""pf"": 2.8776928871193364, ""trades"": 32, ""win_rate"": 0.5625, ""wins"": 18}, ""2026-02"": {""avg"": 0.2775675675674751, ""gl"": -162.96000000000177, ""gp"": 173.2299999999983, ""max_dd"": 59.87700000000146, ""net"": 10.269999999996578, ""pf"": 1.0630216003927124, ""trades"": 37, ""win_rate"": 0.4864864864864865, ""wins"": 18}, ""2026-03"": {""avg"": 0.8393333333333247, ""gl"": -227.4219999999996, ""gp"": 267.7099999999991, ""max_dd"": 69.31499999999933, ""net"": 40.287999999999585, ""pf"": 1.1771508473234762, ""trades"": 48, ""win_rate"": 0.5208333333333334, ""wins"": 25}, ""2026-04"": {""avg"": 2.5915555555555465, ""gl"": -114.34000000000081, ""gp"": 184.31200000000052, ""max_dd"": 27.400000000000574, ""net"": 69.97199999999975, ""pf"": 1.6119643169494422, ""trades"": 27, ""win_rate"": 0.5185185185185185, ""wins"": 14}, ""2026-05"": {""avg"": -1.535000000000079, ""gl"": -122.24800000000087, ""gp"": 71.5929999999983, ""max_dd"": 66.4750000000032, ""net"": -50.65500000000261, ""pf"": 0.5856373928407645, ""trades"": 33, ""win_rate"": 0.3333333333333333, ""wins"": 11}, ""2026-06"": {""avg"": 2.518851851851784, ""gl"": -86.98700000000076, ""gp"": 154.9959999999989, ""max_dd"": 41.90699999999981, ""net"": 68.00899999999817, ""pf"": 1.7818294687711675, ""trades"": 27, ""win_rate"": 0.5185185185185185, ""wins"": 14}, ""2026-07"": {""avg"": -0.33624999999991084, ""gl"": -128.35999999999652, ""gp"": 112.22000000000082, ""max_dd"": 49.97999999999771, ""net"": -16.13999999999572, ""pf"": 0.8742598940480202, ""trades"": 48, ""win_rate"": 0.4166666666666667, ""wins"": 20}}"
