date_gmt,time_gmt,currency,impact,event
Mon Jan 5 2026,15:00,USD,High,ISM Manufacturing PMI
Mon Jan 5 2026,15:00,USD,Medium,ISM Manufacturing Prices
Tue Jan 6 2026,19:00,USD,Medium,President Trump Speaks
Wed Jan 7 2026,13:15,USD,High,ADP Non-Farm Employment Change
Wed Jan 7 2026,15:00,USD,High,ISM Services PMI
Wed Jan 7 2026,15:00,USD,High,JOLTS Job Openings
Thu Jan 8 2026,13:30,USD,High,Unemployment Claims
Fri Jan 9 2026,13:30,USD,High,Average Hourly Earnings m/m
Fri Jan 9 2026,13:30,USD,High,Non-Farm Employment Change
Fri Jan 9 2026,13:30,USD,High,Unemployment Rate
Fri Jan 9 2026,15:00,USD,High,Prelim UoM Consumer Sentiment
Fri Jan 9 2026,15:00,USD,High,Prelim UoM Inflation Expectations
Tue Jan 13 2026,13:15,USD,Medium,ADP Weekly Employment Change
Tue Jan 13 2026,13:30,USD,High,Core CPI m/m
Tue Jan 13 2026,13:30,USD,High,Core CPI y/y
Tue Jan 13 2026,13:30,USD,High,CPI m/m
Tue Jan 13 2026,13:30,USD,High,CPI y/y
Tue Jan 13 2026,15:00,USD,Medium,New Home Sales
Tue Jan 13 2026,19:00,USD,Medium,President Trump Speaks
Wed Jan 14 2026,13:30,USD,High,Core PPI m/m
Wed Jan 14 2026,13:30,USD,High,Core Retail Sales m/m
Wed Jan 14 2026,13:30,USD,High,PPI m/m
Wed Jan 14 2026,13:30,USD,High,Retail Sales m/m
Thu Jan 15 2026,13:30,USD,High,Unemployment Claims
Thu Jan 15 2026,13:30,USD,Medium,Empire State Manufacturing Index
Thu Jan 15 2026,13:30,USD,Medium,Philly Fed Manufacturing Index
Tue Jan 20 2026,18:00,USD,Medium,President Trump Speaks
Wed Jan 21 2026,13:30,USD,High,President Trump Speaks
Wed Jan 21 2026,15:00,USD,Medium,Pending Home Sales m/m
Wed Jan 21 2026,18:00,USD,Medium,President Trump Speaks
Thu Jan 22 2026,13:30,USD,High,Final GDP q/q
Thu Jan 22 2026,13:30,USD,High,Unemployment Claims
Thu Jan 22 2026,13:30,USD,Medium,Final GDP Price Index q/q
Thu Jan 22 2026,15:00,USD,High,Core PCE Price Index m/m
Fri Jan 23 2026,14:45,USD,High,Flash Manufacturing PMI
Fri Jan 23 2026,14:45,USD,High,Flash Services PMI
Fri Jan 23 2026,15:00,USD,Medium,Revised UoM Consumer Sentiment
Mon Jan 26 2026,13:30,USD,Medium,Core Durable Goods Orders m/m
Mon Jan 26 2026,13:30,USD,Medium,Durable Goods Orders m/m
Tue Jan 27 2026,15:00,USD,Medium,CB Consumer Confidence
Tue Jan 27 2026,15:00,USD,Medium,Richmond Manufacturing Index
Tue Jan 27 2026,21:00,USD,Medium,President Trump Speaks
Wed Jan 28 2026,19:00,USD,High,Federal Funds Rate
Wed Jan 28 2026,19:00,USD,High,FOMC Statement
Wed Jan 28 2026,19:30,USD,High,FOMC Press Conference
Thu Jan 29 2026,13:30,USD,High,Unemployment Claims
Thu Jan 29 2026,21:00,USD,Medium,Treasury Currency Report
Thu Jan 29 2026,21:30,USD,Medium,President Trump Speaks
Fri Jan 30 2026,13:30,USD,High,Core PPI m/m
Fri Jan 30 2026,13:30,USD,High,PPI m/m
Mon Feb 2 2026,15:00,USD,High,ISM Manufacturing PMI
Mon Feb 2 2026,15:00,USD,Medium,ISM Manufacturing Prices
Wed Feb 4 2026,13:15,USD,High,ADP Non-Farm Employment Change
Wed Feb 4 2026,15:00,USD,High,ISM Services PMI
Thu Feb 5 2026,13:30,USD,High,Unemployment Claims
Thu Feb 5 2026,15:00,USD,High,JOLTS Job Openings
Fri Feb 6 2026,0:00,USD,Medium,President Trump Speaks
Fri Feb 6 2026,15:00,USD,High,Prelim UoM Consumer Sentiment
Fri Feb 6 2026,15:00,USD,High,Prelim UoM Inflation Expectations
Tue Feb 10 2026,13:30,USD,High,Core Retail Sales m/m
Tue Feb 10 2026,13:30,USD,High,Retail Sales m/m
Tue Feb 10 2026,13:30,USD,Medium,Employment Cost Index q/q
Wed Feb 11 2026,13:30,USD,High,Average Hourly Earnings m/m
Wed Feb 11 2026,13:30,USD,High,Non-Farm Employment Change
Wed Feb 11 2026,13:30,USD,High,Unemployment Rate
Thu Feb 12 2026,13:30,USD,High,Unemployment Claims
Fri Feb 13 2026,13:30,USD,High,Core CPI m/m
Fri Feb 13 2026,13:30,USD,High,Core CPI y/y
Fri Feb 13 2026,13:30,USD,High,CPI m/m
Fri Feb 13 2026,13:30,USD,High,CPI y/y
Tue Feb 17 2026,13:30,USD,Medium,Empire State Manufacturing Index
Wed Feb 18 2026,13:30,USD,Medium,Core Durable Goods Orders m/m
Wed Feb 18 2026,13:30,USD,Medium,Durable Goods Orders m/m
Wed Feb 18 2026,19:00,USD,High,FOMC Meeting Minutes
Thu Feb 19 2026,13:30,USD,High,Unemployment Claims
Thu Feb 19 2026,13:30,USD,Medium,Philly Fed Manufacturing Index
Thu Feb 19 2026,15:00,USD,Medium,Pending Home Sales m/m
Thu Feb 19 2026,21:00,USD,Medium,President Trump Speaks
Fri Feb 20 2026,13:30,USD,High,Advance GDP q/q
Fri Feb 20 2026,13:30,USD,High,Core PCE Price Index m/m
Fri Feb 20 2026,13:30,USD,Medium,Advance GDP Price Index q/q
Fri Feb 20 2026,14:45,USD,High,Flash Manufacturing PMI
Fri Feb 20 2026,14:45,USD,High,Flash Services PMI
Fri Feb 20 2026,15:00,USD,Medium,New Home Sales
Fri Feb 20 2026,17:45,USD,High,President Trump Speaks
Mon Feb 23 2026,13:00,USD,Medium,FOMC Member Waller Speaks
Tue Feb 24 2026,15:00,USD,Medium,CB Consumer Confidence
Tue Feb 24 2026,15:00,USD,Medium,Richmond Manufacturing Index
Wed Feb 25 2026,2:00,USD,High,President Trump Speaks
Thu Feb 26 2026,13:30,USD,High,Unemployment Claims
Fri Feb 27 2026,13:30,USD,High,Core PPI m/m
Fri Feb 27 2026,13:30,USD,High,PPI m/m
Mon Mar 2 2026,15:00,USD,High,ISM Manufacturing PMI
Mon Mar 2 2026,15:00,USD,Medium,ISM Manufacturing Prices
Mon Mar 2 2026,16:00,USD,Medium,President Trump Speaks
Wed Mar 4 2026,13:15,USD,High,ADP Non-Farm Employment Change
Wed Mar 4 2026,15:00,USD,High,ISM Services PMI
Thu Mar 5 2026,13:30,USD,High,Unemployment Claims
Fri Mar 6 2026,12:30,USD,Medium,FOMC Member Waller Speaks
Fri Mar 6 2026,13:30,USD,High,Average Hourly Earnings m/m
Fri Mar 6 2026,13:30,USD,High,Core Retail Sales m/m
Fri Mar 6 2026,13:30,USD,High,Non-Farm Employment Change
Fri Mar 6 2026,13:30,USD,High,Retail Sales m/m
Fri Mar 6 2026,13:30,USD,High,Unemployment Rate
Mon Mar 9 2026,21:30,USD,Medium,President Trump Speaks
Wed Mar 11 2026,12:30,USD,High,Core CPI m/m
Wed Mar 11 2026,12:30,USD,High,Core CPI y/y
Wed Mar 11 2026,12:30,USD,High,CPI m/m
Wed Mar 11 2026,12:30,USD,High,CPI y/y
Wed Mar 11 2026,20:25,USD,Medium,President Trump Speaks
Thu Mar 12 2026,12:30,USD,High,Unemployment Claims
Fri Mar 13 2026,12:30,USD,High,Core PCE Price Index m/m
Fri Mar 13 2026,12:30,USD,High,Prelim GDP q/q
Fri Mar 13 2026,12:30,USD,Medium,Core Durable Goods Orders m/m
Fri Mar 13 2026,12:30,USD,Medium,Durable Goods Orders m/m
Fri Mar 13 2026,12:30,USD,Medium,Prelim GDP Price Index q/q
Fri Mar 13 2026,14:00,USD,High,JOLTS Job Openings
Fri Mar 13 2026,14:00,USD,Medium,Prelim UoM Consumer Sentiment
Fri Mar 13 2026,14:00,USD,Medium,Prelim UoM Inflation Expectations
Mon Mar 16 2026,12:30,USD,Medium,Empire State Manufacturing Index
Mon Mar 16 2026,15:30,USD,Medium,President Trump Speaks
Tue Mar 17 2026,14:00,USD,Medium,Pending Home Sales m/m
Wed Mar 18 2026,12:30,USD,High,Core PPI m/m
Wed Mar 18 2026,12:30,USD,High,PPI m/m
Wed Mar 18 2026,18:00,USD,High,Federal Funds Rate
Wed Mar 18 2026,18:00,USD,High,FOMC Economic Projections
Wed Mar 18 2026,18:00,USD,High,FOMC Statement
Wed Mar 18 2026,18:30,USD,High,FOMC Press Conference
Thu Mar 19 2026,12:30,USD,High,Unemployment Claims
Thu Mar 19 2026,12:30,USD,Medium,Philly Fed Manufacturing Index
Thu Mar 19 2026,14:00,USD,Medium,New Home Sales
Sat Mar 21 2026,17:30,USD,Medium,FOMC Member Powell Speaks
Tue Mar 24 2026,13:45,USD,High,Flash Manufacturing PMI
Tue Mar 24 2026,13:45,USD,High,Flash Services PMI
Tue Mar 24 2026,14:00,USD,Medium,Richmond Manufacturing Index
Wed Mar 25 2026,23:20,USD,Medium,President Trump Speaks
Thu Mar 26 2026,12:30,USD,High,Unemployment Claims
Thu Mar 26 2026,20:00,USD,Medium,President Trump Speaks
Fri Mar 27 2026,14:00,USD,Medium,Revised UoM Consumer Sentiment
Fri Mar 27 2026,21:30,USD,Medium,President Trump Speaks
Mon Mar 30 2026,14:30,USD,High,FOMC Member Powell Speaks
Tue Mar 31 2026,14:00,USD,High,JOLTS Job Openings
Tue Mar 31 2026,14:00,USD,Medium,CB Consumer Confidence
Wed Apr 1 2026,12:15,USD,High,ADP Non-Farm Employment Change
Wed Apr 1 2026,12:30,USD,High,Core Retail Sales m/m
Wed Apr 1 2026,12:30,USD,High,Retail Sales m/m
Wed Apr 1 2026,14:00,USD,High,ISM Manufacturing PMI
Wed Apr 1 2026,14:00,USD,Medium,ISM Manufacturing Prices
Thu Apr 2 2026,1:00,USD,High,President Trump Speaks
Thu Apr 2 2026,12:30,USD,High,Unemployment Claims
Fri Apr 3 2026,12:30,USD,High,Average Hourly Earnings m/m
Fri Apr 3 2026,12:30,USD,High,Non-Farm Employment Change
Fri Apr 3 2026,12:30,USD,High,Unemployment Rate
Mon Apr 6 2026,14:00,USD,High,ISM Services PMI
Mon Apr 6 2026,17:00,USD,High,President Trump Speaks
Tue Apr 7 2026,12:30,USD,Medium,Core Durable Goods Orders m/m
Tue Apr 7 2026,12:30,USD,Medium,Durable Goods Orders m/m
Wed Apr 8 2026,18:00,USD,High,FOMC Meeting Minutes
Thu Apr 9 2026,12:30,USD,High,Core PCE Price Index m/m
Thu Apr 9 2026,12:30,USD,High,Final GDP q/q
Thu Apr 9 2026,12:30,USD,Medium,Unemployment Claims
Thu Apr 9 2026,12:33,USD,Medium,Final GDP Price Index q/q
Fri Apr 10 2026,12:30,USD,High,Core CPI m/m
Fri Apr 10 2026,12:30,USD,High,Core CPI y/y
Fri Apr 10 2026,12:30,USD,High,CPI m/m
Fri Apr 10 2026,12:30,USD,High,CPI y/y
Fri Apr 10 2026,14:00,USD,Medium,Prelim UoM Consumer Sentiment
Fri Apr 10 2026,14:00,USD,Medium,Prelim UoM Inflation Expectations
Tue Apr 14 2026,12:30,USD,High,Core PPI m/m
Tue Apr 14 2026,12:30,USD,High,PPI m/m
Wed Apr 15 2026,10:00,USD,Medium,President Trump Speaks
Wed Apr 15 2026,12:30,USD,Medium,Empire State Manufacturing Index
Thu Apr 16 2026,12:30,USD,Medium,Philly Fed Manufacturing Index
Thu Apr 16 2026,12:30,USD,Medium,Unemployment Claims
Thu Apr 16 2026,23:00,USD,Medium,President Trump Speaks
Fri Apr 17 2026,18:00,USD,Medium,FOMC Member Waller Speaks
Fri Apr 17 2026,21:00,USD,Medium,President Trump Speaks
Tue Apr 21 2026,12:30,USD,High,Core Retail Sales m/m
Tue Apr 21 2026,12:30,USD,High,Retail Sales m/m
Tue Apr 21 2026,12:30,USD,Medium,President Trump Speaks
Tue Apr 21 2026,14:00,USD,High,Fed Chairman Warsh Testifies
Tue Apr 21 2026,14:00,USD,Medium,Pending Home Sales m/m
Thu Apr 23 2026,12:30,USD,Medium,Unemployment Claims
Thu Apr 23 2026,13:45,USD,Medium,Flash Manufacturing PMI
Thu Apr 23 2026,13:45,USD,Medium,Flash Services PMI
Fri Apr 24 2026,14:00,USD,Medium,Revised UoM Consumer Sentiment
Sat Apr 25 2026,16:00,USD,Medium,President Trump Speaks
Sun Apr 26 2026,2:45,USD,Medium,President Trump Speaks
Sun Apr 26 2026,23:00,USD,Medium,President Trump Speaks
Tue Apr 28 2026,14:00,USD,Medium,CB Consumer Confidence
Wed Apr 29 2026,18:00,USD,High,Federal Funds Rate
Wed Apr 29 2026,18:00,USD,High,FOMC Statement
Wed Apr 29 2026,18:30,USD,High,FOMC Press Conference
Thu Apr 30 2026,12:30,USD,High,Advance GDP q/q
Thu Apr 30 2026,12:30,USD,High,Core PCE Price Index m/m
Thu Apr 30 2026,12:30,USD,High,Employment Cost Index q/q
Thu Apr 30 2026,12:30,USD,Medium,Advance GDP Price Index q/q
Thu Apr 30 2026,12:30,USD,Medium,Unemployment Claims
Fri May 1 2026,14:00,USD,Medium,ISM Manufacturing PMI
Fri May 1 2026,14:00,USD,Medium,ISM Manufacturing Prices
Fri May 1 2026,19:00,USD,Medium,President Trump Speaks
Tue May 5 2026,14:00,USD,High,ISM Services PMI
Tue May 5 2026,14:00,USD,High,JOLTS Job Openings
Tue May 5 2026,14:00,USD,Medium,New Home Sales
Wed May 6 2026,12:15,USD,Medium,ADP Non-Farm Employment Change
Thu May 7 2026,12:30,USD,Medium,Unemployment Claims
Fri May 8 2026,12:30,USD,High,Average Hourly Earnings m/m
Fri May 8 2026,12:30,USD,High,Non-Farm Employment Change
Fri May 8 2026,12:30,USD,High,Unemployment Rate
Fri May 8 2026,14:00,USD,Medium,Prelim UoM Consumer Sentiment
Fri May 8 2026,14:00,USD,Medium,Prelim UoM Inflation Expectations
Fri May 8 2026,16:00,USD,Medium,President Trump Speaks
Tue May 12 2026,12:30,USD,High,Core CPI m/m
Tue May 12 2026,12:30,USD,High,Core CPI y/y
Tue May 12 2026,12:30,USD,High,CPI m/m
Tue May 12 2026,12:30,USD,High,CPI y/y
Wed May 13 2026,12:30,USD,High,Core PPI m/m
Wed May 13 2026,12:30,USD,High,PPI m/m
Wed May 13 2026,18:40,USD,High,Fed Chair Nomination Vote
Thu May 14 2026,12:30,USD,High,Core Retail Sales m/m
Thu May 14 2026,12:30,USD,High,Retail Sales m/m
Thu May 14 2026,12:30,USD,Medium,Unemployment Claims
Tue May 19 2026,14:00,USD,Medium,Pending Home Sales m/m
Wed May 20 2026,18:00,USD,High,FOMC Meeting Minutes
Thu May 21 2026,12:30,USD,Medium,Philly Fed Manufacturing Index
Thu May 21 2026,12:30,USD,Medium,Unemployment Claims
Thu May 21 2026,13:45,USD,Medium,Flash Manufacturing PMI
Thu May 21 2026,13:45,USD,Medium,Flash Services PMI
Fri May 22 2026,14:00,USD,Medium,Revised UoM Consumer Sentiment
Tue May 26 2026,14:00,USD,Medium,CB Consumer Confidence
Thu May 28 2026,12:30,USD,High,Core PCE Price Index m/m
Thu May 28 2026,12:30,USD,High,Prelim GDP q/q
Thu May 28 2026,12:30,USD,Medium,Prelim GDP Price Index q/q
Thu May 28 2026,12:30,USD,Medium,Unemployment Claims
Thu May 28 2026,14:00,USD,Medium,New Home Sales
Thu May 28 2026,18:00,USD,Medium,Treasury Sec Bessent Speaks
Mon Jun 1 2026,0:30,USD,Medium,FOMC Member Powell Speaks
Mon Jun 1 2026,14:00,USD,High,ISM Manufacturing PMI
Mon Jun 1 2026,14:00,USD,Medium,ISM Manufacturing Prices
Tue Jun 2 2026,14:00,USD,Medium,JOLTS Job Openings
Wed Jun 3 2026,12:15,USD,High,ADP Non-Farm Employment Change
Wed Jun 3 2026,14:00,USD,High,ISM Services PMI
Wed Jun 3 2026,14:00,USD,Medium,Treasury Sec Bessent Speaks
Thu Jun 4 2026,12:30,USD,Medium,Unemployment Claims
Thu Jun 4 2026,14:00,USD,Medium,Treasury Sec Bessent Speaks
Thu Jun 4 2026,19:00,USD,Medium,President Trump Speaks
Fri Jun 5 2026,12:30,USD,High,Average Hourly Earnings m/m
Fri Jun 5 2026,12:30,USD,High,Non-Farm Employment Change
Fri Jun 5 2026,12:30,USD,High,Unemployment Rate
Wed Jun 10 2026,12:30,USD,High,Core CPI m/m
Wed Jun 10 2026,12:30,USD,High,Core CPI y/y
Wed Jun 10 2026,12:30,USD,High,CPI m/m
Wed Jun 10 2026,12:30,USD,High,CPI y/y
Thu Jun 11 2026,12:30,USD,High,Core PPI m/m
Thu Jun 11 2026,12:30,USD,High,PPI m/m
Thu Jun 11 2026,12:30,USD,Medium,Unemployment Claims
Fri Jun 12 2026,14:00,USD,Medium,Prelim UoM Consumer Sentiment
Fri Jun 12 2026,14:00,USD,Medium,Prelim UoM Inflation Expectations
Wed Jun 17 2026,12:30,USD,Medium,Core Retail Sales m/m
Wed Jun 17 2026,12:30,USD,Medium,Retail Sales m/m
Wed Jun 17 2026,14:45,USD,Medium,President Trump Speaks
Wed Jun 17 2026,18:00,USD,High,Federal Funds Rate
Wed Jun 17 2026,18:00,USD,High,FOMC Economic Projections
Wed Jun 17 2026,18:00,USD,High,FOMC Statement
Wed Jun 17 2026,18:30,USD,High,FOMC Press Conference
Thu Jun 18 2026,12:30,USD,Medium,Philly Fed Manufacturing Index
Thu Jun 18 2026,12:30,USD,Medium,Unemployment Claims
Tue Jun 23 2026,13:45,USD,Medium,Flash Manufacturing PMI
Tue Jun 23 2026,13:45,USD,Medium,Flash Services PMI
Tue Jun 23 2026,18:05,USD,Medium,President Trump Speaks
Thu Jun 25 2026,0:30,USD,Medium,President Trump Speaks
Thu Jun 25 2026,12:30,USD,High,Core PCE Price Index m/m
Thu Jun 25 2026,12:30,USD,High,Final GDP q/q
Thu Jun 25 2026,12:30,USD,Medium,Final GDP Price Index q/q
Thu Jun 25 2026,12:30,USD,Medium,Unemployment Claims
Fri Jun 26 2026,14:00,USD,Medium,Revised UoM Consumer Sentiment
Fri Jun 26 2026,14:00,USD,Medium,Revised UoM Inflation Expectations
Fri Jun 26 2026,17:30,USD,Medium,President Trump Speaks
Tue Jun 30 2026,14:00,USD,Medium,CB Consumer Confidence
Tue Jun 30 2026,14:00,USD,Medium,JOLTS Job Openings
Wed Jul 1 2026,12:15,USD,Medium,ADP Non-Farm Employment Change
Wed Jul 1 2026,13:00,USD,High,Fed Chairman Warsh Speaks
Wed Jul 1 2026,14:00,USD,High,ISM Manufacturing PMI
Wed Jul 1 2026,14:00,USD,Medium,ISM Manufacturing Prices
Wed Jul 1 2026,19:15,USD,Medium,President Trump Speaks
Thu Jul 2 2026,12:30,USD,High,Average Hourly Earnings m/m
Thu Jul 2 2026,12:30,USD,High,Non-Farm Employment Change
Thu Jul 2 2026,12:30,USD,High,Unemployment Rate
Thu Jul 2 2026,12:30,USD,Medium,Unemployment Claims
Mon Jul 6 2026,14:00,USD,High,ISM Services PMI
Wed Jul 8 2026,18:00,USD,High,FOMC Meeting Minutes
Thu Jul 9 2026,12:30,USD,Medium,Unemployment Claims
Tue Jul 14 2026,12:30,USD,High,Core CPI m/m
Tue Jul 14 2026,12:30,USD,High,Core CPI y/y
Tue Jul 14 2026,12:30,USD,High,CPI m/m
Tue Jul 14 2026,12:30,USD,High,CPI y/y
Tue Jul 14 2026,14:00,USD,High,Fed Chairman Warsh Testifies
Wed Jul 15 2026,12:30,USD,High,Core PPI m/m
Wed Jul 15 2026,12:30,USD,High,PPI m/m
Wed Jul 15 2026,14:00,USD,High,Fed Chairman Warsh Testifies
Thu Jul 16 2026,12:30,USD,Medium,Core Retail Sales m/m
Thu Jul 16 2026,12:30,USD,Medium,Philly Fed Manufacturing Index
Thu Jul 16 2026,12:30,USD,Medium,Retail Sales m/m
Thu Jul 16 2026,12:30,USD,Medium,Unemployment Claims
Fri Jul 17 2026,1:00,USD,Medium,President Trump Speaks
Fri Jul 17 2026,14:00,USD,Medium,Prelim UoM Consumer Sentiment
Fri Jul 17 2026,14:00,USD,Medium,Prelim UoM Inflation Expectations
Wed Jul 22 2026,19:00,USD,Medium,President Trump Speaks
Thu Jul 23 2026,12:30,USD,Medium,Unemployment Claims
Sat Jul 25 2026,0:55,USD,Medium,President Trump Speaks
Mon Jul 27 2026,18:50,USD,Medium,President Trump Speaks
Tue Jul 28 2026,14:00,USD,Medium,CB Consumer Confidence
Wed Jul 29 2026,18:00,USD,High,Federal Funds Rate
Wed Jul 29 2026,18:00,USD,High,FOMC Statement
Wed Jul 29 2026,18:30,USD,High,FOMC Press Conference
Thu Jul 30 2026,12:30,USD,High,Advance GDP q/q
Thu Jul 30 2026,12:30,USD,High,Core PCE Price Index m/m
Thu Jul 30 2026,12:30,USD,Medium,Advance GDP Price Index q/q
Thu Jul 30 2026,12:30,USD,Medium,Unemployment Claims
Fri Jul 31 2026,12:30,USD,Medium,Employment Cost Index q/q
Fri Jul 31 2026,14:00,USD,Medium,Revised UoM Consumer Sentiment
Fri Jul 31 2026,14:00,USD,Medium,Revised UoM Inflation Expectations
