qa_case_id,case_type,expected_decision,reason,month,event_ms,event_utc,entry_ms,entry_utc,side,side_name,level_price,level_age_m5_bars,retest_age_m1_bars,retest_tolerance_atr,entry_spread,expected_exit_ms,expected_exit_utc,expected_pnl,pnl_formula,blocking_trade_id,blocking_entry_utc,blocking_exit_utc
B78-QA-001,ADMITTED,ENTER,M5_FIRST_RETEST_LEVEL_AGE_7_9_AND_FLAT,2026-01,1769738460000,2026-01-30T02:01:00+00:00,1769738460017,2026-01-30T02:01:00.017000+00:00,-1,SELL,5301.897,7,1,0.1,1.5169999999998254,1769740260047,2026-01-30T02:31:00.047000+00:00,120.52600000000028,entry_bid - exit_ask - 0.02,,,
B78-QA-002,ADMITTED,ENTER,M5_FIRST_RETEST_LEVEL_AGE_7_9_AND_FLAT,2026-01,1769674680000,2026-01-29T08:18:00+00:00,1769674680048,2026-01-29T08:18:00.048000+00:00,-1,SELL,5537.0,7,1,0.1,0.6300000000001091,1769676480050,2026-01-29T08:48:00.050000+00:00,33.1699999999996,entry_bid - exit_ask - 0.02,,,
B78-QA-003,ADMITTED,ENTER,M5_FIRST_RETEST_LEVEL_AGE_7_9_AND_FLAT,2026-01,1767359640000,2026-01-02T13:14:00+00:00,1767359640006,2026-01-02T13:14:00.006000+00:00,1,BUY,4398.3885,7,1,0.1,1.0150000000003274,1767361440081,2026-01-02T13:44:00.081000+00:00,-27.785000000000327,exit_bid - entry_ask - 0.02,,,
B78-QA-004,ADMITTED,ENTER,M5_FIRST_RETEST_LEVEL_AGE_7_9_AND_FLAT,2026-01,1769443860000,2026-01-26T16:11:00+00:00,1769443860088,2026-01-26T16:11:00.088000+00:00,1,BUY,5097.4435,7,7,0.2,0.5399999999999636,1769445660130,2026-01-26T16:41:00.130000+00:00,-21.58999999999971,exit_bid - entry_ask - 0.02,,,
B78-QA-005,ADMITTED,ENTER,M5_FIRST_RETEST_LEVEL_AGE_7_9_AND_FLAT,2026-02,1770010260000,2026-02-02T05:31:00+00:00,1770010260082,2026-02-02T05:31:00.082000+00:00,-1,SELL,4658.7835,7,1,0.1,1.1669999999994616,1770012060143,2026-02-02T06:01:00.143000+00:00,63.66299999999999,entry_bid - exit_ask - 0.02,,,
B78-QA-006,ADMITTED,ENTER,M5_FIRST_RETEST_LEVEL_AGE_7_9_AND_FLAT,2026-02,1770355380000,2026-02-06T05:23:00+00:00,1770355380065,2026-02-06T05:23:00.065000+00:00,1,BUY,4831.875,7,1,0.1,1.0799999999999272,1770357180158,2026-02-06T05:53:00.158000+00:00,47.75000000000043,exit_bid - entry_ask - 0.02,,,
B78-QA-007,ADMITTED,ENTER,M5_FIRST_RETEST_LEVEL_AGE_7_9_AND_FLAT,2026-02,1770387960000,2026-02-06T14:26:00+00:00,1770387960112,2026-02-06T14:26:00.112000+00:00,-1,SELL,4905.165,9,1,0.2,0.8200000000006185,1770389760120,2026-02-06T14:56:00.120000+00:00,-40.25000000000048,entry_bid - exit_ask - 0.02,,,
B78-QA-008,ADMITTED,ENTER,M5_FIRST_RETEST_LEVEL_AGE_7_9_AND_FLAT,2026-02,1770925800000,2026-02-12T19:50:00+00:00,1770925800151,2026-02-12T19:50:00.151000+00:00,1,BUY,4952.285,8,1,0.1,0.5500000000001819,1770927600204,2026-02-12T20:20:00.204000+00:00,-16.980000000000036,exit_bid - entry_ask - 0.02,,,
B78-QA-009,ADMITTED,ENTER,M5_FIRST_RETEST_LEVEL_AGE_7_9_AND_FLAT,2026-03,1772548860000,2026-03-03T14:41:00+00:00,1772548860013,2026-03-03T14:41:00.013000+00:00,-1,SELL,5127.7,8,1,0.2,1.4000000000005457,1772550660053,2026-03-03T15:11:00.053000+00:00,65.26299999999945,entry_bid - exit_ask - 0.02,,,
B78-QA-010,ADMITTED,ENTER,M5_FIRST_RETEST_LEVEL_AGE_7_9_AND_FLAT,2026-03,1774031520000,2026-03-20T18:32:00+00:00,1774031520039,2026-03-20T18:32:00.039000+00:00,-1,SELL,4554.4985,8,1,0.2,0.5969999999997526,1774033320112,2026-03-20T19:02:00.112000+00:00,34.82000000000014,entry_bid - exit_ask - 0.02,,,
B78-QA-011,ADMITTED,ENTER,M5_FIRST_RETEST_LEVEL_AGE_7_9_AND_FLAT,2026-03,1773045780000,2026-03-09T08:43:00+00:00,1773045780069,2026-03-09T08:43:00.069000+00:00,-1,SELL,5093.6985,8,1,0.1,0.6799999999993815,1773047580107,2026-03-09T09:13:00.107000+00:00,-24.069999999999272,entry_bid - exit_ask - 0.02,,,
B78-QA-012,ADMITTED,ENTER,M5_FIRST_RETEST_LEVEL_AGE_7_9_AND_FLAT,2026-03,1774217160000,2026-03-22T22:06:00+00:00,1774217160009,2026-03-22T22:06:00.009000+00:00,-1,SELL,4493.5285,8,6,0.1,1.430000000000291,1774218960088,2026-03-22T22:36:00.088000+00:00,-23.95000000000029,entry_bid - exit_ask - 0.02,,,
B78-QA-013,ADMITTED,ENTER,M5_FIRST_RETEST_LEVEL_AGE_7_9_AND_FLAT,2026-04,1775091720000,2026-04-02T01:02:00+00:00,1775091720120,2026-04-02T01:02:00.120000+00:00,-1,SELL,4775.3385,9,1,0.1,0.9899999999997816,1775093520122,2026-04-02T01:32:00.122000+00:00,99.5900000000006,entry_bid - exit_ask - 0.02,,,
B78-QA-014,ADMITTED,ENTER,M5_FIRST_RETEST_LEVEL_AGE_7_9_AND_FLAT,2026-04,1775549640000,2026-04-07T08:14:00+00:00,1775549640080,2026-04-07T08:14:00.080000+00:00,1,BUY,4657.110000000001,9,1,0.2,0.876999999999498,1775551440101,2026-04-07T08:44:00.101000+00:00,20.680000000000728,exit_bid - entry_ask - 0.02,,,
B78-QA-015,ADMITTED,ENTER,M5_FIRST_RETEST_LEVEL_AGE_7_9_AND_FLAT,2026-04,1777027560000,2026-04-24T10:46:00+00:00,1777027560155,2026-04-24T10:46:00.155000+00:00,-1,SELL,4679.41,8,1,0.1,0.5500000000001819,1777029360236,2026-04-24T11:16:00.236000+00:00,-21.33999999999971,entry_bid - exit_ask - 0.02,,,
B78-QA-016,ADMITTED,ENTER,M5_FIRST_RETEST_LEVEL_AGE_7_9_AND_FLAT,2026-04,1775432700000,2026-04-05T23:45:00+00:00,1775432700094,2026-04-05T23:45:00.094000+00:00,-1,SELL,4608.23,8,1,0.1,1.2899999999999636,1775434500208,2026-04-06T00:15:00.208000+00:00,-19.96000000000051,entry_bid - exit_ask - 0.02,,,
B78-QA-017,ADMITTED,ENTER,M5_FIRST_RETEST_LEVEL_AGE_7_9_AND_FLAT,2026-05,1779937980000,2026-05-28T03:13:00+00:00,1779937980015,2026-05-28T03:13:00.015000+00:00,-1,SELL,4396.4415,9,1,0.3,0.9170000000003712,1779939780110,2026-05-28T03:43:00.110000+00:00,21.43300000000043,entry_bid - exit_ask - 0.02,,,
B78-QA-018,ADMITTED,ENTER,M5_FIRST_RETEST_LEVEL_AGE_7_9_AND_FLAT,2026-05,1779357660000,2026-05-21T10:01:00+00:00,1779357660152,2026-05-21T10:01:00.152000+00:00,-1,SELL,4531.845,7,3,0.2,0.5600000000004002,1779359460251,2026-05-21T10:31:00.251000+00:00,21.17999999999982,entry_bid - exit_ask - 0.02,,,
B78-QA-019,ADMITTED,ENTER,M5_FIRST_RETEST_LEVEL_AGE_7_9_AND_FLAT,2026-05,1778853660000,2026-05-15T14:01:00+00:00,1778853660035,2026-05-15T14:01:00.035000+00:00,-1,SELL,4536.17,7,2,0.2,0.5500000000001819,1778855460118,2026-05-15T14:31:00.118000+00:00,-29.71000000000051,entry_bid - exit_ask - 0.02,,,
B78-QA-020,ADMITTED,ENTER,M5_FIRST_RETEST_LEVEL_AGE_7_9_AND_FLAT,2026-05,1779991440000,2026-05-28T18:04:00+00:00,1779991440025,2026-05-28T18:04:00.025000+00:00,1,BUY,4514.56,9,1,0.1,0.6369999999997162,1779993240054,2026-05-28T18:34:00.054000+00:00,-12.94699999999968,exit_bid - entry_ask - 0.02,,,
B78-QA-021,ADMITTED,ENTER,M5_FIRST_RETEST_LEVEL_AGE_7_9_AND_FLAT,2026-06,1781719320000,2026-06-17T18:02:00+00:00,1781719320008,2026-06-17T18:02:00.008000+00:00,-1,SELL,4355.344999999999,9,1,0.1,0.7799999999997453,1781721120098,2026-06-17T18:32:00.098000+00:00,39.75999999999974,entry_bid - exit_ask - 0.02,,,
B78-QA-022,ADMITTED,ENTER,M5_FIRST_RETEST_LEVEL_AGE_7_9_AND_FLAT,2026-06,1781020260000,2026-06-09T15:51:00+00:00,1781020260083,2026-06-09T15:51:00.083000+00:00,-1,SELL,4278.785,8,7,0.1,0.75,1781022060123,2026-06-09T16:21:00.123000+00:00,19.759999999999746,entry_bid - exit_ask - 0.02,,,
B78-QA-023,ADMITTED,ENTER,M5_FIRST_RETEST_LEVEL_AGE_7_9_AND_FLAT,2026-06,1781095620000,2026-06-10T12:47:00+00:00,1781095620078,2026-06-10T12:47:00.078000+00:00,1,BUY,4163.56,7,5,0.1,0.9200000000000728,1781097420115,2026-06-10T13:17:00.115000+00:00,-28.45000000000029,exit_bid - entry_ask - 0.02,,,
B78-QA-024,ADMITTED,ENTER,M5_FIRST_RETEST_LEVEL_AGE_7_9_AND_FLAT,2026-06,1782400620000,2026-06-25T15:17:00+00:00,1782400620110,2026-06-25T15:17:00.110000+00:00,-1,SELL,4012.8215,7,5,0.2,0.7599999999997635,1782402420187,2026-06-25T15:47:00.187000+00:00,-22.19999999999984,entry_bid - exit_ask - 0.02,,,
B78-QA-025,ADMITTED,ENTER,M5_FIRST_RETEST_LEVEL_AGE_7_9_AND_FLAT,2026-07,1784079180000,2026-07-15T01:33:00+00:00,1784079180061,2026-07-15T01:33:00.061000+00:00,-1,SELL,4052.145,8,1,0.2,0.7899999999999636,1784080980650,2026-07-15T02:03:00.650000+00:00,12.969999999999782,entry_bid - exit_ask - 0.02,,,
B78-QA-026,ADMITTED,ENTER,M5_FIRST_RETEST_LEVEL_AGE_7_9_AND_FLAT,2026-07,1784043660000,2026-07-14T15:41:00+00:00,1784043660084,2026-07-14T15:41:00.084000+00:00,-1,SELL,4077.74,7,1,0.2,0.6999999999998181,1784045460108,2026-07-14T16:11:00.108000+00:00,12.9499999999998,entry_bid - exit_ask - 0.02,,,
B78-QA-027,ADMITTED,ENTER,M5_FIRST_RETEST_LEVEL_AGE_7_9_AND_FLAT,2026-07,1785417120000,2026-07-30T13:12:00+00:00,1785417120015,2026-07-30T13:12:00.015000+00:00,-1,SELL,4071.7,7,1,0.1,0.569999999999709,1785418920031,2026-07-30T13:42:00.031000+00:00,-20.27,entry_bid - exit_ask - 0.02,,,
B78-QA-028,ADMITTED,ENTER,M5_FIRST_RETEST_LEVEL_AGE_7_9_AND_FLAT,2026-07,1784321520000,2026-07-17T20:52:00+00:00,1784321523904,2026-07-17T20:52:03.904000+00:00,1,BUY,4016.585,8,1,0.2,1.400000000000091,1784498403067,2026-07-19T22:00:03.067000+00:00,-14.879999999999672,exit_bid - entry_ask - 0.02,,,
B78-QA-029,ADMITTED,ENTER,EXACT_FLAT_PNL_CASE__FLOATING_DUST_NORMALIZED_TO_ZERO,2026-07,1784643240000,2026-07-21T14:14:00+00:00,1784643240093,2026-07-21T14:14:00.093000+00:00,1,BUY,4061.88,8,1,0.2,0.6300000000001091,1784645040118,2026-07-21T14:44:00.118000+00:00,-1.81903103690928e-14,exit_bid - entry_ask - 0.02,,,
B78-QA-030,REJECT_MATURITY,SKIP,M5_LEVEL_AGE_OUTSIDE_7_9,2026-01,1767676680000,2026-01-06T05:18:00+00:00,1767676680140,2026-01-06T05:18:00.140000+00:00,1,BUY,4468.65,10,1,0.1,0.8299999999999272,,,,,,,
B78-QA-031,REJECT_MATURITY,SKIP,M5_LEVEL_AGE_OUTSIDE_7_9,2026-02,1770211140000,2026-02-04T13:19:00+00:00,1770211140011,2026-02-04T13:19:00.011000+00:00,-1,SELL,5037.505,10,1,0.1,1.2700000000004366,,,,,,,
B78-QA-032,REJECT_MATURITY,SKIP,M5_LEVEL_AGE_OUTSIDE_7_9,2026-03,1772503080000,2026-03-03T01:58:00+00:00,1772503080032,2026-03-03T01:58:00.032000+00:00,-1,SELL,5346.535,10,1,0.1,1.0100000000002185,,,,,,,
B78-QA-033,REJECT_MATURITY,SKIP,M5_LEVEL_AGE_OUTSIDE_7_9,2026-04,1775011800000,2026-04-01T02:50:00+00:00,1775011800116,2026-04-01T02:50:00.116000+00:00,-1,SELL,4681.37,10,1,0.1,0.7570000000005166,,,,,,,
B78-QA-034,REJECT_MATURITY,SKIP,M5_LEVEL_AGE_OUTSIDE_7_9,2026-05,1777594140000,2026-05-01T00:09:00+00:00,1777594140343,2026-05-01T00:09:00.343000+00:00,-1,SELL,4628.295,10,1,0.3,0.5969999999997526,,,,,,,
B78-QA-035,REJECT_MATURITY,SKIP,M5_LEVEL_AGE_OUTSIDE_7_9,2026-06,1780386420000,2026-06-02T07:47:00+00:00,1780386420045,2026-06-02T07:47:00.045000+00:00,-1,SELL,4531.8150000000005,10,1,0.1,0.6199999999998909,,,,,,,
B78-QA-036,REJECT_MATURITY,SKIP,M5_LEVEL_AGE_OUTSIDE_7_9,2026-07,1783316400000,2026-07-06T05:40:00+00:00,1783316400096,2026-07-06T05:40:00.096000+00:00,-1,SELL,4157.455,10,1,0.1,0.7300000000004729,,,,,,,
B78-QA-037,REJECT_OWNERSHIP,BLOCK,POSITION_ALREADY_OPEN,2026-01,1767571800000,2026-01-05T00:10:00+00:00,1767571800248,2026-01-05T00:10:00.248000+00:00,1,BUY,4372.5515,7,4,0.1,0.6099999999996726,,,,,5,2026-01-05T00:07:00.812000+00:00,2026-01-05T00:37:00.858000+00:00
B78-QA-038,REJECT_OWNERSHIP,BLOCK,POSITION_ALREADY_OPEN,2026-01,1767676080000,2026-01-06T05:08:00+00:00,1767676080339,2026-01-06T05:08:00.339000+00:00,1,BUY,4468.65,8,3,0.1,0.7969999999995707,,,,,11,2026-01-06T05:06:00.324000+00:00,2026-01-06T05:36:00.393000+00:00
B78-QA-039,REJECT_OWNERSHIP,BLOCK,POSITION_ALREADY_OPEN,2026-01,1767862980000,2026-01-08T09:03:00+00:00,1767862980041,2026-01-08T09:03:00.041000+00:00,1,BUY,4433.59,7,2,0.1,0.6699999999991633,,,,,17,2026-01-08T09:02:00.070000+00:00,2026-01-08T09:32:00.207000+00:00
B78-QA-040,REJECT_OWNERSHIP,BLOCK,POSITION_ALREADY_OPEN,2026-01,1767863340000,2026-01-08T09:09:00+00:00,1767863340052,2026-01-08T09:09:00.052000+00:00,1,BUY,4433.59,8,1,0.1,0.6700000000000728,,,,,17,2026-01-08T09:02:00.070000+00:00,2026-01-08T09:32:00.207000+00:00
B78-QA-041,REJECT_OWNERSHIP,BLOCK,POSITION_ALREADY_OPEN,2026-01,1767900600000,2026-01-08T19:30:00+00:00,1767900600203,2026-01-08T19:30:00.203000+00:00,-1,SELL,4448.015,7,2,0.1,0.6099999999996726,,,,,19,2026-01-08T19:29:00.097000+00:00,2026-01-08T19:59:01.223000+00:00
B78-QA-042,REJECT_OWNERSHIP,BLOCK,POSITION_ALREADY_OPEN,2026-01,1768538160000,2026-01-16T04:36:00+00:00,1768538160271,2026-01-16T04:36:00.271000+00:00,1,BUY,4597.514999999999,7,3,0.1,0.6999999999998181,,,,,30,2026-01-16T04:35:00.096000+00:00,2026-01-16T05:05:00.109000+00:00
B78-QA-043,REJECT_OWNERSHIP,BLOCK,POSITION_ALREADY_OPEN,2026-01,1768814460000,2026-01-19T09:21:00+00:00,1768814460343,2026-01-19T09:21:00.343000+00:00,1,BUY,4671.2,8,1,0.1,0.7300000000004729,,,,,33,2026-01-19T09:18:00.104000+00:00,2026-01-19T09:48:00.166000+00:00
B78-QA-044,REJECT_OWNERSHIP,BLOCK,POSITION_ALREADY_OPEN,2026-01,1768917300000,2026-01-20T13:55:00+00:00,1768917300031,2026-01-20T13:55:00.031000+00:00,1,BUY,4729.43,8,1,0.2,0.5399999999999636,,,,,35,2026-01-20T13:50:00.041000+00:00,2026-01-20T14:20:00.285000+00:00
B78-QA-045,REJECT_OWNERSHIP,BLOCK,POSITION_ALREADY_OPEN,2026-01,1768923000000,2026-01-20T15:30:00+00:00,1768923000071,2026-01-20T15:30:00.071000+00:00,-1,SELL,4728.6985,7,4,0.1,0.6869999999998981,,,,,36,2026-01-20T15:29:00.032000+00:00,2026-01-20T15:59:00.198000+00:00
B78-QA-046,REJECT_OWNERSHIP,BLOCK,POSITION_ALREADY_OPEN,2026-01,1768923420000,2026-01-20T15:37:00+00:00,1768923420014,2026-01-20T15:37:00.014000+00:00,-1,SELL,4728.6985,9,1,0.2,0.6970000000001164,,,,,36,2026-01-20T15:29:00.032000+00:00,2026-01-20T15:59:00.198000+00:00
B78-QA-047,REJECT_OWNERSHIP,BLOCK,POSITION_ALREADY_OPEN,2026-01,1769074800000,2026-01-22T09:40:00+00:00,1769074800070,2026-01-22T09:40:00.070000+00:00,-1,SELL,4822.25,9,1,0.1,0.5,,,,,40,2026-01-22T09:23:01.818000+00:00,2026-01-22T09:53:02.809000+00:00
B78-QA-048,REJECT_OWNERSHIP,BLOCK,POSITION_ALREADY_OPEN,2026-01,1769087160000,2026-01-22T13:06:00+00:00,1769087160123,2026-01-22T13:06:00.123000+00:00,-1,SELL,4823.425,8,8,0.1,0.5799999999999272,,,,,41,2026-01-22T12:59:00.013000+00:00,2026-01-22T13:29:00.190000+00:00
B78-QA-049,REJECT_OWNERSHIP,BLOCK,POSITION_ALREADY_OPEN,2026-01,1769088240000,2026-01-22T13:24:00+00:00,1769088240179,2026-01-22T13:24:00.179000+00:00,1,BUY,4832.610000000001,8,1,0.1,0.5600000000004002,,,,,41,2026-01-22T12:59:00.013000+00:00,2026-01-22T13:29:00.190000+00:00
B78-QA-050,REJECT_OWNERSHIP,BLOCK,POSITION_ALREADY_OPEN,2026-01,1769126760000,2026-01-23T00:06:00+00:00,1769126760412,2026-01-23T00:06:00.412000+00:00,1,BUY,4959.965,7,3,0.1,0.6400000000003274,,,,,42,2026-01-23T00:04:00.514000+00:00,2026-01-23T00:34:01.048000+00:00