specialist,heldout,status,auc,quality_gate,train_n,train_min_surv,train_net,test_n,test_surv,test_fp,test_net,test_pass
E10_COMPRESSION_RELEASE,1,NO_6MONTH_GATE,0.6353148541463365,,,,,,,,,
E10_COMPRESSION_RELEASE,2,NO_6MONTH_GATE,0.6242749297442369,,,,,,,,,
E10_COMPRESSION_RELEASE,3,NO_6MONTH_GATE,0.6241113827530242,,,,,,,,,
E10_COMPRESSION_RELEASE,4,NO_6MONTH_GATE,0.6326565736659966,,,,,,,,,
E10_COMPRESSION_RELEASE,5,NO_6MONTH_GATE,0.6456555138412758,,,,,,,,,
E10_COMPRESSION_RELEASE,6,NO_6MONTH_GATE,0.6081713879029369,,,,,,,,,
E10_COMPRESSION_RELEASE,7,NO_6MONTH_GATE,0.631053017998064,,,,,,,,,
E11_KINETIC_IGNITION,1,NO_6MONTH_GATE,0.6969391173936628,,,,,,,,,
E11_KINETIC_IGNITION,2,NO_6MONTH_GATE,0.6668319617750579,,,,,,,,,
E11_KINETIC_IGNITION,3,NO_6MONTH_GATE,0.6820282606569602,,,,,,,,,
E11_KINETIC_IGNITION,4,NO_6MONTH_GATE,0.6665077989503041,,,,,,,,,
E11_KINETIC_IGNITION,5,NO_6MONTH_GATE,0.6798807834201794,,,,,,,,,
E11_KINETIC_IGNITION,6,NO_6MONTH_GATE,0.6723530953941774,,,,,,,,,
E11_KINETIC_IGNITION,7,NO_6MONTH_GATE,0.6903893395271581,,,,,,,,,
E12_FAILED_EXPANSION,1,NO_6MONTH_GATE,0.6970027555751896,,,,,,,,,
E12_FAILED_EXPANSION,2,NO_6MONTH_GATE,0.6966065694201821,,,,,,,,,
E12_FAILED_EXPANSION,3,NO_6MONTH_GATE,0.7155839969914622,,,,,,,,,
E12_FAILED_EXPANSION,4,NO_6MONTH_GATE,0.7041175134132311,,,,,,,,,
E12_FAILED_EXPANSION,5,NO_6MONTH_GATE,0.6970648113550673,,,,,,,,,
E12_FAILED_EXPANSION,6,NO_6MONTH_GATE,0.6735914587085154,,,,,,,,,
E12_FAILED_EXPANSION,7,NO_6MONTH_GATE,0.7169591439635665,,,,,,,,,
E1_MACRO_TREND,1,NO_6MONTH_GATE,0.7198198198198198,,,,,,,,,
E1_MACRO_TREND,2,NO_6MONTH_GATE,0.5984848484848484,,,,,,,,,
E1_MACRO_TREND,3,NO_6MONTH_GATE,0.598345588235294,,,,,,,,,
E1_MACRO_TREND,4,NO_6MONTH_GATE,0.6091666666666666,,,,,,,,,
E1_MACRO_TREND,5,NO_6MONTH_GATE,0.6014150943396226,,,,,,,,,
E1_MACRO_TREND,6,NO_6MONTH_GATE,0.5909090909090909,,,,,,,,,
E1_MACRO_TREND,7,NO_6MONTH_GATE,0.5292397660818714,,,,,,,,,
E2_PULLBACK_REACCEL,1,NO_6MONTH_GATE,0.5294117647058824,,,,,,,,,
E2_PULLBACK_REACCEL,2,NO_6MONTH_GATE,0.8567567567567567,,,,,,,,,
E2_PULLBACK_REACCEL,3,NO_6MONTH_GATE,0.8043478260869565,,,,,,,,,
E2_PULLBACK_REACCEL,4,NO_6MONTH_GATE,0.8317307692307693,,,,,,,,,
E2_PULLBACK_REACCEL,5,NO_6MONTH_GATE,0.7777777777777778,,,,,,,,,
E2_PULLBACK_REACCEL,6,NO_6MONTH_GATE,0.738095238095238,,,,,,,,,
E2_PULLBACK_REACCEL,7,NO_6MONTH_GATE,0.875,,,,,,,,,
E3_ORB,1,NO_6MONTH_GATE,0.7046240851630072,,,,,,,,,
E3_ORB,2,GATED,0.5931189810500155,0.1370502336782977,84.0,0.8666666666666667,206.47999999999763,23.0,0.2608695652173913,0.17391304347826086,-54.8359999999993,False
E3_ORB,3,GATED,0.6306042884990253,0.15124560323296415,46.0,0.9,118.21699999999973,8.0,0.25,0.0,-20.417000000001423,False
E3_ORB,4,NO_6MONTH_GATE,0.592719649323423,,,,,,,,,
E3_ORB,5,NO_6MONTH_GATE,0.6305334450495741,,,,,,,,,
E3_ORB,6,NO_6MONTH_GATE,0.630544637843908,,,,,,,,,
E3_ORB,7,NO_6MONTH_GATE,0.7322689075630252,,,,,,,,,
E4_VWAP_PULLBACK,1,NO_6MONTH_GATE,0.5,,,,,,,,,
E4_VWAP_PULLBACK,2,NO_6MONTH_GATE,0.5,,,,,,,,,
E4_VWAP_PULLBACK,3,NO_6MONTH_GATE,0.5,,,,,,,,,
E4_VWAP_PULLBACK,4,NO_6MONTH_GATE,0.5,,,,,,,,,
E4_VWAP_PULLBACK,5,NO_6MONTH_GATE,0.5,,,,,,,,,
E4_VWAP_PULLBACK,6,NO_6MONTH_GATE,0.5,,,,,,,,,
E4_VWAP_PULLBACK,7,NO_6MONTH_GATE,0.5,,,,,,,,,
E5_VWAP_RECLAIM,1,NO_6MONTH_GATE,0.6991674995215515,,,,,,,,,
E5_VWAP_RECLAIM,2,NO_6MONTH_GATE,0.6935189341902297,,,,,,,,,
E5_VWAP_RECLAIM,3,NO_6MONTH_GATE,0.6643177184581102,,,,,,,,,
E5_VWAP_RECLAIM,4,NO_6MONTH_GATE,0.6842134412097571,,,,,,,,,
E5_VWAP_RECLAIM,5,NO_6MONTH_GATE,0.7204556888627391,,,,,,,,,
E5_VWAP_RECLAIM,6,NO_6MONTH_GATE,0.7166061822467531,,,,,,,,,
E5_VWAP_RECLAIM,7,NO_6MONTH_GATE,0.6899648574775478,,,,,,,,,
E6_VALUE_REVERSION,1,NO_6MONTH_GATE,0.6976817165644236,,,,,,,,,
E6_VALUE_REVERSION,2,NO_6MONTH_GATE,0.6857874365298047,,,,,,,,,
E6_VALUE_REVERSION,3,NO_6MONTH_GATE,0.7031061622066341,,,,,,,,,
E6_VALUE_REVERSION,4,NO_6MONTH_GATE,0.7028698910724613,,,,,,,,,
E6_VALUE_REVERSION,5,NO_6MONTH_GATE,0.7020648375264364,,,,,,,,,
E6_VALUE_REVERSION,6,NO_6MONTH_GATE,0.6942293796254984,,,,,,,,,
E6_VALUE_REVERSION,7,NO_6MONTH_GATE,0.7068762220550162,,,,,,,,,
E7_SWEEP_RECLAIM,1,GATED,0.6833605253086793,0.18037532490409622,133.0,0.851063829787234,208.5379999999999,11.0,0.45454545454545453,0.18181818181818182,-25.419999999999817,False
E7_SWEEP_RECLAIM,2,NO_6MONTH_GATE,0.6794456877259425,,,,,,,,,
E7_SWEEP_RECLAIM,3,GATED,0.7057428097790925,0.1853711915828114,79.0,0.875,147.96500000000464,20.0,0.7,0.3,-15.327999999999879,False
E7_SWEEP_RECLAIM,4,GATED,0.6747707499303648,0.18884252039289348,85.0,0.88,168.4709999999989,8.0,0.5,0.375,1.1359999999993677,False
E7_SWEEP_RECLAIM,5,NO_6MONTH_GATE,0.7047319138470187,,,,,,,,,
E7_SWEEP_RECLAIM,6,GATED,0.6559999845326342,0.21214360054912168,56.0,0.8571428571428571,147.1570000000028,7.0,0.42857142857142855,0.0,-17.20399999999894,False
E7_SWEEP_RECLAIM,7,GATED,0.6647274763563963,0.19959890971858774,60.0,0.875,161.64899999999838,4.0,0.75,0.0,-5.4000000000006185,False
E8_LEVEL_BOUNCE,1,NO_6MONTH_GATE,0.6934608153157096,,,,,,,,,
E8_LEVEL_BOUNCE,2,NO_6MONTH_GATE,0.6971316966829584,,,,,,,,,
E8_LEVEL_BOUNCE,3,NO_6MONTH_GATE,0.6965881361602333,,,,,,,,,
E8_LEVEL_BOUNCE,4,NO_6MONTH_GATE,0.693705743509048,,,,,,,,,
E8_LEVEL_BOUNCE,5,NO_6MONTH_GATE,0.6917173030551017,,,,,,,,,
E8_LEVEL_BOUNCE,6,NO_6MONTH_GATE,0.6781070107478496,,,,,,,,,
E8_LEVEL_BOUNCE,7,NO_6MONTH_GATE,0.7132495497136381,,,,,,,,,
E9_LEVEL_BREAK,1,NO_6MONTH_GATE,0.7133689559432134,,,,,,,,,
E9_LEVEL_BREAK,2,NO_6MONTH_GATE,0.6021279456751941,,,,,,,,,
E9_LEVEL_BREAK,3,NO_6MONTH_GATE,0.6477058379703857,,,,,,,,,
E9_LEVEL_BREAK,4,NO_6MONTH_GATE,0.6210975299210593,,,,,,,,,
E9_LEVEL_BREAK,5,NO_6MONTH_GATE,0.6381539372738463,,,,,,,,,
E9_LEVEL_BREAK,6,NO_6MONTH_GATE,0.6374127750939345,,,,,,,,,
E9_LEVEL_BREAK,7,NO_6MONTH_GATE,0.6383019519116462,,,,,,,,,
