specialist,candidates,raw_survival,raw_fp,raw_net
E10_COMPRESSION_RELEASE,28095,0.27314468766684463,0.17230823990033814,-22310.31900000017
E11_KINETIC_IGNITION,49774,0.3582191505605336,0.1450958331659099,-40537.37900000026
E12_FAILED_EXPANSION,54102,0.35956156888839597,0.1796236738013382,-39702.80800000021
E1_MACRO_TREND,501,0.17365269461077845,0.19760479041916168,-756.517000000008
E2_PULLBACK_REACCEL,288,0.1076388888888889,0.09375,-295.27499999999895
E3_ORB,2701,0.1999259533506109,0.17586079229914847,-2000.424999999991
E4_VWAP_PULLBACK,192,0.171875,0.109375,-202.73499999999999
E5_VWAP_RECLAIM,11024,0.27657837445573297,0.153755442670537,-8833.794000000124
E6_VALUE_REVERSION,169276,0.22832533850043715,0.15194711595264537,-128750.64300000024
E7_SWEEP_RECLAIM,7198,0.3089747151986663,0.166851903306474,-5486.899000000006
E8_LEVEL_BOUNCE,24538,0.2639986959002364,0.1854674382590268,-18262.593000000066
E9_LEVEL_BREAK,5456,0.22947214076246333,0.18988269794721407,-4139.223000000042
