ps,es,n,surv,fp,net,pf
0.39,0.04817416239893392,21,0.5714285714285714,0.14285714285714285,-18.5529999999989,0.26694061401084473
0.4,0.04817416239893392,21,0.5714285714285714,0.14285714285714285,-18.5529999999989,0.26694061401084473
0.41000000000000003,0.04817416239893392,21,0.5714285714285714,0.14285714285714285,-18.5529999999989,0.26694061401084473
0.36,0.04817416239893392,23,0.5652173913043478,0.17391304347826086,-19.076999999998367,0.2802761638874512
0.37,0.04817416239893392,23,0.5652173913043478,0.17391304347826086,-19.076999999998367,0.2802761638874512
0.34,0.04817416239893392,25,0.56,0.2,-18.296999999997755,0.3309810230721806
0.35000000000000003,0.04817416239893392,25,0.56,0.2,-18.543999999998054,0.3280185534135731
0.38,0.04817416239893392,22,0.5454545454545454,0.13636363636363635,-19.80999999999898,0.25431002032674993
0.36,0.042446979996043945,24,0.5416666666666666,0.16666666666666666,-20.393999999998854,0.26700930884522295
0.37,0.042446979996043945,24,0.5416666666666666,0.16666666666666666,-20.393999999998854,0.26700930884522295
0.34,0.042446979996043945,26,0.5384615384615384,0.19230769230769232,-19.240999999999552,0.3199377938006034
0.35000000000000003,0.042446979996043945,26,0.5384615384615384,0.19230769230769232,-19.860999999998533,0.3130771625220763
0.38,0.042446979996043945,23,0.5217391304347826,0.13043478260869565,-21.12699999999946,0.24229817451494862
0.39,0.042446979996043945,23,0.5217391304347826,0.13043478260869565,-21.119999999998942,0.2423590185105624
0.4,0.03295429652707663,23,0.5217391304347826,0.17391304347826086,-15.079999999998979,0.38363443145592185
0.4,0.03740067332907955,23,0.5217391304347826,0.17391304347826086,-15.079999999998979,0.38363443145592185
0.4,0.042446979996043945,23,0.5217391304347826,0.13043478260869565,-21.119999999998942,0.2423590185105624
0.41000000000000003,0.03295429652707663,23,0.5217391304347826,0.17391304347826086,-15.079999999998979,0.38363443145592185
0.41000000000000003,0.03740067332907955,23,0.5217391304347826,0.17391304347826086,-15.079999999998979,0.38363443145592185
0.41000000000000003,0.042446979996043945,23,0.5217391304347826,0.13043478260869565,-21.119999999998942,0.2423590185105624
