heldout,order,auc,threshold,n,surv,fp,net
1,BASE,0.6060228353413202,0.647330446435295,378,0.6640211640211641,0.3201058201058201,-309.78399999998726
1,D1_5S,0.6184027641004575,0.6500827363319754,369,0.6558265582655827,0.31978319783197834,-252.57999999998606
1,D2_5S,0.6087745558700557,0.6506512646775064,401,0.6633416458852868,0.32917705735660846,-276.9249999999823
1,D3_5S,0.6105879340712521,0.6525568843826015,369,0.6558265582655827,0.3224932249322493,-335.47099999998295
1,D3_PLUS_1S_MICRO,0.6222517964964802,0.65537802506219,353,0.6855524079320113,0.3314447592067989,-329.5599999999936
2,BASE,0.6096552870592857,0.6462717441142356,295,0.6711864406779661,0.3254237288135593,-180.11899999998903
2,D1_5S,0.6214945620689829,0.6512865219509367,297,0.6767676767676768,0.32323232323232326,-199.25199999999705
2,D2_5S,0.6138766730642327,0.64988167967829,293,0.6791808873720137,0.3242320819112628,-170.83700000000067
2,D3_5S,0.6190879186753513,0.653102068755551,285,0.7228070175438597,0.3543859649122807,-93.63099999999949
2,D3_PLUS_1S_MICRO,0.6140139436711953,0.6581156939858043,275,0.6981818181818182,0.36363636363636365,-38.86399999998676
3,BASE,0.6042785791818222,0.6478308992313334,1015,0.6926108374384237,0.33497536945812806,-469.476000000011
3,D1_5S,0.6118868030692834,0.6513290253266512,1049,0.7006673021925643,0.34604385128693993,-456.36999999999733
3,D2_5S,0.6029182601335779,0.6538714858112837,1019,0.7055937193326791,0.34739941118743867,-405.6989999999838
3,D3_5S,0.5967547560975288,0.6570626846390517,987,0.6950354609929078,0.32016210739615,-632.9789999999903
3,D3_PLUS_1S_MICRO,0.6091056711263928,0.6600030200802187,898,0.6937639198218263,0.321826280623608,-512.1869999999778
4,BASE,0.601853090714477,0.6439032132872053,317,0.6971608832807571,0.2902208201892745,-113.86700000000546
4,D1_5S,0.6038029876119568,0.6484485301829637,292,0.678082191780822,0.2773972602739726,-161.89200000000423
4,D2_5S,0.5933864849124022,0.6481491277294348,296,0.7027027027027027,0.2972972972972973,-119.88100000000932
4,D3_5S,0.598539643312503,0.6506121388177324,298,0.6845637583892618,0.2751677852348993,-158.41000000000525
4,D3_PLUS_1S_MICRO,0.5890813644162508,0.6556323113149551,264,0.6553030303030303,0.2537878787878788,-155.53500000000463
5,BASE,0.6027606432613886,0.6430979670161241,376,0.6835106382978723,0.19680851063829788,-377.0640000000053
5,D1_5S,0.606056933722748,0.6477270107752902,395,0.6911392405063291,0.24050632911392406,-306.06700000000944
5,D2_5S,0.6169056073293988,0.6491882057069541,371,0.6900269541778976,0.2695417789757412,-233.8900000000093
5,D3_5S,0.610396645539707,0.6502363899171046,374,0.6818181818181818,0.25668449197860965,-251.92200000000543
5,D3_PLUS_1S_MICRO,0.610612358665487,0.6540524022523939,359,0.6657381615598886,0.25069637883008355,-261.5890000000105
6,BASE,0.6029787294975681,0.6450647849518348,403,0.6451612903225806,0.24813895781637718,-325.62900000000354
6,D1_5S,0.5863667678032467,0.6496692869416179,396,0.6313131313131313,0.24494949494949494,-337.2450000000003
6,D2_5S,0.5866945203278161,0.6510567133300343,372,0.6397849462365591,0.260752688172043,-297.98000000000405
6,D3_5S,0.5799580922257419,0.6527459356351143,361,0.6232686980609419,0.24930747922437674,-298.5230000000017
6,D3_PLUS_1S_MICRO,0.5858703659213743,0.6575567595734518,333,0.6516516516516516,0.25825825825825827,-254.13900000000075
7,BASE,0.5629086921850079,0.6438943009387539,153,0.6601307189542484,0.27450980392156865,-62.25299999999153
7,D1_5S,0.6081339712918661,0.6481703931197023,138,0.6956521739130435,0.2898550724637681,-51.9829999999931
7,D2_5S,0.6086323763955344,0.6479940982693594,135,0.6888888888888889,0.2740740740740741,-72.01299999999596
7,D3_5S,0.6085625996810207,0.6493276797467271,143,0.6853146853146853,0.3146853146853147,-47.732999999994064
7,D3_PLUS_1S_MICRO,0.6209529505582136,0.6524064118023636,130,0.6615384615384615,0.2923076923076923,-47.992999999995014