session_authority2,specialist,synth_entryhold,beta_trades,matched,gap,excess,beta_survival,coverage
ASIA,E10_COMPRESSION_RELEASE,508,22,22,486,0,1.0,0.04330708661417323
ASIA,E11_KINETIC_IGNITION,47,210,47,0,163,0.9380952380952381,1.0
ASIA,E12_FAILED_EXPANSION,666,37,37,629,0,0.9459459459459459,0.05555555555555555
ASIA,E1_MACRO_TREND,6,0,0,6,0,,0.0
ASIA,E2_PULLBACK_REACCEL,33,0,0,33,0,,0.0
ASIA,E3_ORB,26,0,0,26,0,,0.0
ASIA,E4_VWAP_PULLBACK,8,0,0,8,0,,0.0
ASIA,E5_VWAP_RECLAIM,337,52,52,285,0,0.8653846153846154,0.1543026706231454
ASIA,E6_VALUE_REVERSION,1759,105,105,1654,0,0.7904761904761904,0.05969300739056282
ASIA,E7_SWEEP_RECLAIM,601,60,60,541,0,0.8,0.09983361064891846
ASIA,E8_LEVEL_BOUNCE,347,0,0,347,0,,0.0
ASIA,E9_LEVEL_BREAK,154,134,115,39,19,0.7313432835820896,0.7467532467532467
AUSTRALIA,E10_COMPRESSION_RELEASE,1393,16,16,1377,0,0.9375,0.01148600143575018
AUSTRALIA,E11_KINETIC_IGNITION,44,384,44,0,340,0.9166666666666666,1.0
AUSTRALIA,E12_FAILED_EXPANSION,1098,55,55,1043,0,0.9272727272727272,0.05009107468123861
AUSTRALIA,E1_MACRO_TREND,8,0,0,8,0,,0.0
AUSTRALIA,E2_PULLBACK_REACCEL,125,0,0,125,0,,0.0
AUSTRALIA,E4_VWAP_PULLBACK,35,2,2,33,0,1.0,0.05714285714285714
AUSTRALIA,E5_VWAP_RECLAIM,522,63,63,459,0,0.9365079365079365,0.1206896551724138
AUSTRALIA,E6_VALUE_REVERSION,7035,50,50,6985,0,0.8,0.007107320540156361
AUSTRALIA,E7_SWEEP_RECLAIM,1525,19,19,1506,0,0.8421052631578947,0.012459016393442624
AUSTRALIA,E8_LEVEL_BOUNCE,897,1,1,896,0,1.0,0.0011148272017837235
AUSTRALIA,E9_LEVEL_BREAK,314,142,142,172,0,0.823943661971831,0.45222929936305734
BASE,E10_COMPRESSION_RELEASE,109,0,0,109,0,,0.0
BASE,E11_KINETIC_IGNITION,10,0,0,10,0,,0.0
BASE,E12_FAILED_EXPANSION,65,0,0,65,0,,0.0
BASE,E1_MACRO_TREND,1,0,0,1,0,,0.0
BASE,E2_PULLBACK_REACCEL,2,0,0,2,0,,0.0
BASE,E4_VWAP_PULLBACK,1,0,0,1,0,,0.0
BASE,E5_VWAP_RECLAIM,12,0,0,12,0,,0.0
BASE,E6_VALUE_REVERSION,992,0,0,992,0,,0.0
BASE,E7_SWEEP_RECLAIM,99,0,0,99,0,,0.0
BASE,E8_LEVEL_BOUNCE,60,0,0,60,0,,0.0
BASE,E9_LEVEL_BREAK,42,0,0,42,0,,0.0
EUROPE,E10_COMPRESSION_RELEASE,731,2,2,729,0,1.0,0.0027359781121751026
EUROPE,E11_KINETIC_IGNITION,30,137,30,0,107,0.9124087591240876,1.0
EUROPE,E12_FAILED_EXPANSION,645,27,27,618,0,0.9259259259259259,0.04186046511627907
EUROPE,E1_MACRO_TREND,3,0,0,3,0,,0.0
EUROPE,E2_PULLBACK_REACCEL,15,0,0,15,0,,0.0
EUROPE,E3_ORB,85,0,0,85,0,,0.0
EUROPE,E4_VWAP_PULLBACK,5,0,0,5,0,,0.0
EUROPE,E5_VWAP_RECLAIM,135,11,11,124,0,0.9090909090909091,0.08148148148148149
EUROPE,E6_VALUE_REVERSION,6570,129,129,6441,0,0.7829457364341085,0.019634703196347032
EUROPE,E7_SWEEP_RECLAIM,1007,14,14,993,0,0.9285714285714286,0.013902681231380337
EUROPE,E8_LEVEL_BOUNCE,322,0,0,322,0,,0.0
EUROPE,E9_LEVEL_BREAK,135,21,21,114,0,0.7619047619047619,0.15555555555555556
MIDEAST,E10_COMPRESSION_RELEASE,449,3,3,446,0,0.6666666666666666,0.0066815144766146995
MIDEAST,E11_KINETIC_IGNITION,17,265,17,0,248,0.9283018867924528,1.0
MIDEAST,E12_FAILED_EXPANSION,542,41,41,501,0,0.8048780487804879,0.07564575645756458
MIDEAST,E1_MACRO_TREND,2,0,0,2,0,,0.0
MIDEAST,E2_PULLBACK_REACCEL,22,0,0,22,0,,0.0
MIDEAST,E3_ORB,10,0,0,10,0,,0.0
MIDEAST,E4_VWAP_PULLBACK,1,0,0,1,0,,0.0
MIDEAST,E5_VWAP_RECLAIM,144,10,10,134,0,0.8,0.06944444444444445
MIDEAST,E6_VALUE_REVERSION,8153,89,89,8064,0,0.797752808988764,0.010916227155648228
MIDEAST,E7_SWEEP_RECLAIM,750,17,17,733,0,0.8235294117647058,0.02266666666666667
MIDEAST,E8_LEVEL_BOUNCE,248,2,2,246,0,0.0,0.008064516129032258
MIDEAST,E9_LEVEL_BREAK,137,41,41,96,0,0.7560975609756098,0.29927007299270075
NY,E10_COMPRESSION_RELEASE,1225,21,21,1204,0,0.9047619047619048,0.017142857142857144
NY,E11_KINETIC_IGNITION,57,443,57,0,386,0.9413092550790068,1.0
NY,E12_FAILED_EXPANSION,1814,67,67,1747,0,0.8955223880597015,0.03693495038588754
NY,E1_MACRO_TREND,10,0,0,10,0,,0.0
NY,E2_PULLBACK_REACCEL,74,0,0,74,0,,0.0
NY,E3_ORB,104,1,1,103,0,1.0,0.009615384615384616
NY,E4_VWAP_PULLBACK,13,0,0,13,0,,0.0
NY,E5_VWAP_RECLAIM,492,31,31,461,0,0.9354838709677419,0.06300813008130081
NY,E6_VALUE_REVERSION,17186,446,446,16740,0,0.8295964125560538,0.025951355754684047
NY,E7_SWEEP_RECLAIM,2587,59,59,2528,0,0.9322033898305084,0.02280633938925396
NY,E8_LEVEL_BOUNCE,1181,2,2,1179,0,0.5,0.001693480101608806
NY,E9_LEVEL_BREAK,339,117,117,222,0,0.8461538461538461,0.34513274336283184
UK,E10_COMPRESSION_RELEASE,711,43,43,668,0,1.0,0.06047819971870605
UK,E11_KINETIC_IGNITION,41,675,41,0,634,0.9614814814814815,1.0
UK,E12_FAILED_EXPANSION,573,89,89,484,0,0.9213483146067416,0.15532286212914484
UK,E1_MACRO_TREND,6,0,0,6,0,,0.0
UK,E2_PULLBACK_REACCEL,18,0,0,18,0,,0.0
UK,E3_ORB,62,1,1,61,0,0.0,0.016129032258064516
UK,E4_VWAP_PULLBACK,2,0,0,2,0,,0.0
UK,E5_VWAP_RECLAIM,154,64,64,90,0,0.90625,0.4155844155844156
UK,E6_VALUE_REVERSION,4953,496,496,4457,0,0.8346774193548387,0.10014132848778518
UK,E7_SWEEP_RECLAIM,726,86,86,640,0,0.8953488372093024,0.1184573002754821
UK,E8_LEVEL_BOUNCE,276,9,9,267,0,1.0,0.03260869565217391
UK,E9_LEVEL_BREAK,133,259,130,3,129,0.861003861003861,0.9774436090225563
UNASSIGNED,E4_VWAP_PULLBACK,1,0,0,1,0,,0.0
UNASSIGNED,E5_VWAP_RECLAIM,33,0,0,33,0,,0.0