metric,value
raw_E5D2_candidates,19425
raw_E5D2_survival,0.214003
raw_E5D2_fp,0.119485
raw_E5D3_candidates,14881
raw_E5D3_survival,0.236006
raw_E5D3_fp,0.130368
raw_E6D2_candidates,677702
raw_E6D2_survival,0.188483
raw_E6D2_fp,0.127506
raw_E6D3_candidates,212854
raw_E6D3_survival,0.241006
raw_E6D3_fp,0.156239
raw_E7D2_candidates,8099
raw_E7D2_survival,0.228423
raw_E7D2_fp,0.127423
raw_E7D3_candidates,5631
raw_E7D3_survival,0.258391
raw_E7D3_fp,0.141893
raw_E9D2_candidates,4792
raw_E9D2_survival,0.171327
raw_E9D2_fp,0.141903
raw_E9D3_candidates,4017
raw_E9D3_survival,0.186955
raw_E9D3_fp,0.152850
selected_before_trades,5519
selected_before_survival,0.882044
selected_after_derivative_meta_trades,5094
selected_after_derivative_meta_survival,0.892030
selected_retention,0.9230
selected_rejected,425
feb_after_meta_survival,0.87143
mean_auc_base,0.647149
mean_auc_D1,0.670813
mean_auc_D2,0.663357
mean_auc_D3,0.664049
repro_bundle_sha256,4cccedcf3aab353f1719afa29e08c1f9e743e252c7ee9bd1e2788fb86b24cd7c
repro_bundle_drive_file_id,1ASmoWdV6x3kRhryY-2elIWGdt9rPTHJq
