specialist,synth_entryhold,beta_trades,beta_survival,matched,coverage,gap,excess
E10_COMPRESSION_RELEASE,5126,107.0,0.9626168224299065,107.0,0.020873975809598128,5019.0,0.0
E11_KINETIC_IGNITION,246,2114.0,0.9394512771996215,246.0,1.0,0.0,1868.0
E12_FAILED_EXPANSION,5403,316.0,0.9050632911392406,316.0,0.05848602628169535,5087.0,0.0
E1_MACRO_TREND,36,0.0,,0.0,0.0,36.0,0.0
E2_PULLBACK_REACCEL,289,0.0,,0.0,0.0,289.0,0.0
E3_ORB,287,2.0,0.5,2.0,0.006968641114982578,285.0,0.0
E4_VWAP_PULLBACK,66,2.0,1.0,2.0,0.030303030303030304,64.0,0.0
E5_VWAP_RECLAIM,1829,231.0,0.9047619047619048,231.0,0.12629852378348824,1598.0,0.0
E6_VALUE_REVERSION,46648,1315.0,0.820532319391635,1315.0,0.028189847367518436,45333.0,0.0
E7_SWEEP_RECLAIM,7295,255.0,0.8745098039215686,255.0,0.03495544893762851,7040.0,0.0
E8_LEVEL_BOUNCE,3331,14.0,0.7857142857142857,14.0,0.004202942059441609,3317.0,0.0
E9_LEVEL_BREAK,1254,714.0,0.8179271708683473,714.0,0.569377990430622,540.0,0.0