specialist,session,folds_gated,heldout_passes,heldout_n,heldout_weighted_surv,heldout_net
E7_SWEEP_RECLAIM,UK,7,1,69,0.4927536231884058,-59.584999999999916
E5_VWAP_RECLAIM,NY,7,0,91,0.6153846153846154,-3.978000000002173
E7_SWEEP_RECLAIM,NY,7,0,80,0.6875,-36.10899999999547
E7_SWEEP_RECLAIM,MIDEAST,7,0,50,0.38,-63.57499999999663
E5_VWAP_RECLAIM,MIDEAST,4,0,46,0.5434782608695652,-39.15400000000174
E5_VWAP_RECLAIM,UK,5,0,39,0.358974358974359,-53.52800000000276
E7_SWEEP_RECLAIM,EUROPE,3,0,34,0.5588235294117647,-29.079000000000338
E5_VWAP_RECLAIM,ASIA,3,0,28,0.35714285714285715,-24.895999999999326
E7_SWEEP_RECLAIM,ASIA,2,0,18,0.6111111111111112,-26.46499999999956
E12_FAILED_EXPANSION,UK,1,0,11,0.7272727272727273,-3.787000000000007
E5_VWAP_RECLAIM,EUROPE,2,0,11,0.5454545454545454,6.304000000001253
E10_COMPRESSION_RELEASE,EUROPE,1,0,9,0.2222222222222222,-15.386999999999425
E10_COMPRESSION_RELEASE,NY,2,0,9,0.6666666666666666,-13.177999999999592
E12_FAILED_EXPANSION,ASIA,1,0,9,0.4444444444444444,-19.42700000000075
E10_COMPRESSION_RELEASE,AUSTRALIA,1,0,1,0.0,-1.9199999999996362
E10_COMPRESSION_RELEASE,ASIA,0,0,0,,0.0
E10_COMPRESSION_RELEASE,MIDEAST,0,0,0,,0.0
E10_COMPRESSION_RELEASE,UK,0,0,0,,0.0
E12_FAILED_EXPANSION,AUSTRALIA,0,0,0,,0.0
E12_FAILED_EXPANSION,EUROPE,0,0,0,,0.0
E12_FAILED_EXPANSION,MIDEAST,0,0,0,,0.0
E12_FAILED_EXPANSION,NY,0,0,0,,0.0
E5_VWAP_RECLAIM,AUSTRALIA,0,0,0,,0.0
E7_SWEEP_RECLAIM,AUSTRALIA,0,0,0,,0.0
