specialist,heldout,auc,train_margin,train_selected,train_surv,threshold,test_n,test_surv,test_net
E7_SWEEP_RECLAIM,1,0.732026,15,10,0.900000,0.720607,1,0.000000,-3.930
E7_SWEEP_RECLAIM,2,0.753096,12,8,0.875000,0.725098,3,0.666667,2.890
E7_SWEEP_RECLAIM,3,0.531297,11,6,1.000000,0.743259,4,0.750000,7.800
E7_SWEEP_RECLAIM,4,0.523256,14,8,0.875000,0.771914,2,1.000000,1.130
E7_SWEEP_RECLAIM,5,0.625000,16,9,0.888889,0.801758,0,,0.000
E7_SWEEP_RECLAIM,6,0.612903,13,8,0.875000,0.742760,3,0.666667,-2.930
E7_SWEEP_RECLAIM,7,0.350000,15,10,0.900000,0.672663,1,0.000000,-1.570
E9_LEVEL_BREAK,1,0.551630,30,19,0.947368,0.707293,3,1.000000,5.603
E9_LEVEL_BREAK,2,0.481593,27,21,0.952381,0.735781,7,0.428571,-6.337
E9_LEVEL_BREAK,3,0.483494,28,22,0.863636,0.689620,5,0.800000,5.420
E9_LEVEL_BREAK,4,0.438276,26,21,0.857143,0.726436,7,0.571429,2.726
E9_LEVEL_BREAK,5,0.572641,30,24,0.875000,0.681704,4,0.750000,3.963
E9_LEVEL_BREAK,6,0.600455,33,23,0.913043,0.742561,0,,0.000
E9_LEVEL_BREAK,7,0.588964,30,21,0.904762,0.737091,3,0.666667,1.570
