test,metric,value
BASE_VS_DERIVATIVE,mean_base_auc,0.600490463
BASE_VS_DERIVATIVE,mean_derivative_enriched_auc,0.611623336
BASE_VS_DERIVATIVE,auc_delta,0.011132873
PORTFOLIO_D2_LOMO,total_derivative_adds,51
PORTFOLIO_D2_LOMO,weighted_add_survivability,0.686274510
PORTFOLIO_D2_LOMO,weighted_parent_portfolio_survivability,0.883895078
PORTFOLIO_D2_LOMO,derivative_add_diagnostic_value,-37.735
COVERAGE_UTILITY_D2_LOMO,total_derivative_adds,7
COVERAGE_UTILITY_D2_LOMO,weighted_add_survivability,0.714285714
COVERAGE_UTILITY_D2_LOMO,derivative_add_diagnostic_value,-9.554
