specialist,variant,n,surv,fp,net
E17_FIB_PULLBACK,15M_382_500,362,0.2569060773480663,0.1408839779005525,-400.04699999999707
E17_FIB_PULLBACK,15M_500_618,20,0.35,0.2,-21.564999999998143
E17_FIB_PULLBACK,1H_382_500,486,0.17695473251028807,0.12962962962962962,-458.0509999999956
E17_FIB_PULLBACK,1H_500_618,262,0.17938931297709923,0.12213740458015267,-263.0230000000013
E17_FIB_PULLBACK,1H_618_786,78,0.14102564102564102,0.10256410256410256,-73.31399999999718
E18_HA_TREND_RESTART,M1_HA_RESTART,2133,0.23628691983122363,0.1636193155180497,-1717.9340000000009
E18_HA_TREND_RESTART,M1_HA_STRONG_CONT,18861,0.2238481522718838,0.15211282540692433,-15618.817000000072
E19_KALMAN_PULLBACK,KALMAN_RECOVERY,5237,0.2014512125262555,0.14206606835974794,-4737.793000000035
E20_DONCHIAN_ADX,M5_DONCHIAN_ADX,14656,0.20141921397379914,0.16784934497816595,-12229.763000000079
