session,heldout,order,n_train,n_test,auc
ASIA,1,BASE,224,70,0.49056603773584906
ASIA,1,D1_5S,224,70,0.4916759156492786
ASIA,1,D2_5S,224,70,0.6281908990011098
ASIA,1,D3_5S,224,70,0.6193118756936736
ASIA,1,D3_PLUS_1S_MICRO,224,70,0.6082130965593784
ASIA,2,BASE,255,39,0.48641304347826086
ASIA,2,D1_5S,255,39,0.6358695652173914
ASIA,2,D2_5S,255,39,0.828804347826087
ASIA,2,D3_5S,255,39,0.798913043478261
ASIA,2,D3_PLUS_1S_MICRO,255,39,0.7608695652173912
ASIA,3,BASE,182,112,0.4366129032258065
ASIA,3,D1_5S,182,112,0.4664516129032258
ASIA,3,D2_5S,182,112,0.5670967741935484
ASIA,3,D3_5S,182,112,0.5583870967741935
ASIA,3,D3_PLUS_1S_MICRO,182,112,0.5393548387096775
ASIA,4,BASE,271,23,0.6461538461538461
ASIA,4,D1_5S,271,23,0.6923076923076923
ASIA,4,D2_5S,271,23,0.7692307692307692
ASIA,4,D3_5S,271,23,0.823076923076923
ASIA,4,D3_PLUS_1S_MICRO,271,23,0.7307692307692307
ASIA,5,BASE,270,24,0.4375
ASIA,5,D1_5S,270,24,0.2625
ASIA,5,D2_5S,270,24,0.6625
ASIA,5,D3_5S,270,24,0.65
ASIA,5,D3_PLUS_1S_MICRO,270,24,0.65
ASIA,6,BASE,274,20,0.5656565656565657
ASIA,6,D1_5S,274,20,0.6666666666666667
ASIA,6,D2_5S,274,20,0.6060606060606061
ASIA,6,D3_5S,274,20,0.6868686868686869
ASIA,6,D3_PLUS_1S_MICRO,274,20,0.505050505050505
ASIA,7,BASE,288,6,0.0
ASIA,7,D1_5S,288,6,0.375
ASIA,7,D2_5S,288,6,0.75
ASIA,7,D3_5S,288,6,0.5
ASIA,7,D3_PLUS_1S_MICRO,288,6,0.625
AUSTRALIA,1,BASE,222,82,0.4241071428571429
AUSTRALIA,1,D1_5S,222,82,0.5192307692307692
AUSTRALIA,1,D2_5S,222,82,0.570054945054945
AUSTRALIA,1,D3_5S,222,82,0.5968406593406593
AUSTRALIA,1,D3_PLUS_1S_MICRO,222,82,0.5803571428571428
AUSTRALIA,2,BASE,274,30,0.7407407407407407
AUSTRALIA,2,D1_5S,274,30,0.75
AUSTRALIA,2,D2_5S,274,30,0.6064814814814815
AUSTRALIA,2,D3_5S,274,30,0.6296296296296297
AUSTRALIA,2,D3_PLUS_1S_MICRO,274,30,0.6851851851851851
AUSTRALIA,3,BASE,176,128,0.3769372209088521
AUSTRALIA,3,D1_5S,176,128,0.4594168636721829
AUSTRALIA,3,D2_5S,176,128,0.5156291042815865
AUSTRALIA,3,D3_5S,176,128,0.5087995797215654
AUSTRALIA,3,D3_PLUS_1S_MICRO,176,128,0.5074862096138691
AUSTRALIA,4,BASE,288,16,0.3333333333333333
AUSTRALIA,4,D1_5S,288,16,0.7948717948717949
AUSTRALIA,4,D2_5S,288,16,0.7435897435897436
AUSTRALIA,4,D3_5S,288,16,0.7179487179487178
AUSTRALIA,4,D3_PLUS_1S_MICRO,288,16,0.6153846153846154
AUSTRALIA,5,BASE,296,8,0.14285714285714285
AUSTRALIA,5,D1_5S,296,8,0.14285714285714285
AUSTRALIA,5,D2_5S,296,8,0.2857142857142857
AUSTRALIA,5,D3_5S,296,8,0.42857142857142855
AUSTRALIA,5,D3_PLUS_1S_MICRO,296,8,0.7142857142857143
AUSTRALIA,6,BASE,270,34,0.3416666666666667
AUSTRALIA,6,D1_5S,270,34,0.4625
AUSTRALIA,6,D2_5S,270,34,0.5416666666666667
AUSTRALIA,6,D3_5S,270,34,0.5458333333333334
AUSTRALIA,6,D3_PLUS_1S_MICRO,270,34,0.5625
AUSTRALIA,7,BASE,298,6,0.0
AUSTRALIA,7,D1_5S,298,6,0.375
AUSTRALIA,7,D2_5S,298,6,0.375
AUSTRALIA,7,D3_5S,298,6,0.625
AUSTRALIA,7,D3_PLUS_1S_MICRO,298,6,0.25
EUROPE,1,BASE,1870,229,0.541131498470948
EUROPE,1,D1_5S,1870,229,0.5162079510703365
EUROPE,1,D2_5S,1870,229,0.5128440366972478
EUROPE,1,D3_5S,1870,229,0.5184250764525995
EUROPE,1,D3_PLUS_1S_MICRO,1870,229,0.5331039755351682
EUROPE,2,BASE,1876,223,0.5413430420711974
EUROPE,2,D1_5S,1876,223,0.5940938511326861
EUROPE,2,D2_5S,1876,223,0.5893203883495146
EUROPE,2,D3_5S,1876,223,0.5411812297734627
EUROPE,2,D3_PLUS_1S_MICRO,1876,223,0.5723300970873786
EUROPE,3,BASE,1115,984,0.5126130966452472
EUROPE,3,D1_5S,1115,984,0.5052115793771894
EUROPE,3,D2_5S,1115,984,0.518127699813028
EUROPE,3,D3_5S,1115,984,0.5105929380413058
EUROPE,3,D3_PLUS_1S_MICRO,1115,984,0.5132148460166341
EUROPE,4,BASE,1864,235,0.5637037037037037
EUROPE,4,D1_5S,1864,235,0.5098518518518518
EUROPE,4,D2_5S,1864,235,0.5428888888888888
EUROPE,4,D3_5S,1864,235,0.5224444444444445
EUROPE,4,D3_PLUS_1S_MICRO,1864,235,0.4935555555555555
EUROPE,5,BASE,1874,225,0.5709646760652621
EUROPE,5,D1_5S,1874,225,0.5320766671946777
EUROPE,5,D2_5S,1874,225,0.5342943133217172
EUROPE,5,D3_5S,1874,225,0.5396008236971328
EUROPE,5,D3_PLUS_1S_MICRO,1874,225,0.5065737367337241
EUROPE,6,BASE,1934,165,0.587641866330391
EUROPE,6,D1_5S,1934,165,0.5469735182849937
EUROPE,6,D2_5S,1934,165,0.5559583858764187
EUROPE,6,D3_5S,1934,165,0.5632093316519545
EUROPE,6,D3_PLUS_1S_MICRO,1934,165,0.5245901639344261
EUROPE,7,BASE,2061,38,0.5892857142857142
EUROPE,7,D1_5S,2061,38,0.5148809523809523
EUROPE,7,D2_5S,2061,38,0.47619047619047616
EUROPE,7,D3_5S,2061,38,0.4910714285714285
EUROPE,7,D3_PLUS_1S_MICRO,2061,38,0.5476190476190477
MIDEAST,1,BASE,885,93,0.5755159474671669
MIDEAST,1,D1_5S,885,93,0.5384615384615385
MIDEAST,1,D2_5S,885,93,0.5928705440900564
MIDEAST,1,D3_5S,885,93,0.549718574108818
MIDEAST,1,D3_PLUS_1S_MICRO,885,93,0.6125703564727955
MIDEAST,2,BASE,884,94,0.6527777777777778
MIDEAST,2,D1_5S,884,94,0.6217592592592592
MIDEAST,2,D2_5S,884,94,0.6398148148148147
MIDEAST,2,D3_5S,884,94,0.6643518518518517
MIDEAST,2,D3_PLUS_1S_MICRO,884,94,0.6074074074074074
MIDEAST,3,BASE,459,519,0.5080050786572525
MIDEAST,3,D1_5S,459,519,0.5088257153474545
MIDEAST,3,D2_5S,459,519,0.5353647962343614
MIDEAST,3,D3_5S,459,519,0.5382292827945001
MIDEAST,3,D3_PLUS_1S_MICRO,459,519,0.5387557289731203
MIDEAST,4,BASE,862,116,0.5167479674796748
MIDEAST,4,D1_5S,862,116,0.5596747967479675
MIDEAST,4,D2_5S,862,116,0.5990243902439024
MIDEAST,4,D3_5S,862,116,0.5986991869918699
MIDEAST,4,D3_PLUS_1S_MICRO,862,116,0.5440650406504065
MIDEAST,5,BASE,893,85,0.5431235431235432
MIDEAST,5,D1_5S,893,85,0.5745920745920746
MIDEAST,5,D2_5S,893,85,0.5425407925407926
MIDEAST,5,D3_5S,893,85,0.5448717948717949
MIDEAST,5,D3_PLUS_1S_MICRO,893,85,0.5728438228438228
MIDEAST,6,BASE,919,59,0.39312039312039315
MIDEAST,6,D1_5S,919,59,0.4385749385749386
MIDEAST,6,D2_5S,919,59,0.4373464373464374
MIDEAST,6,D3_5S,919,59,0.4631449631449632
MIDEAST,6,D3_PLUS_1S_MICRO,919,59,0.41277641277641275
MIDEAST,7,BASE,966,12,0.22857142857142856
MIDEAST,7,D1_5S,966,12,0.5142857142857142
MIDEAST,7,D2_5S,966,12,0.4
MIDEAST,7,D3_5S,966,12,0.4285714285714286
MIDEAST,7,D3_PLUS_1S_MICRO,966,12,0.6000000000000001
NY,1,BASE,5590,737,0.555678793256433
NY,1,D1_5S,5590,737,0.587636793847974
NY,1,D2_5S,5590,737,0.5824460218870157
NY,1,D3_5S,5590,737,0.59874297545105
NY,1,D3_PLUS_1S_MICRO,5590,737,0.6065661047027506
NY,2,BASE,5438,889,0.5827447923036158
NY,2,D1_5S,5438,889,0.5824517956870898
NY,2,D2_5S,5438,889,0.5791141820553585
NY,2,D3_5S,5438,889,0.578502710855652
NY,2,D3_PLUS_1S_MICRO,5438,889,0.58538176185235
NY,3,BASE,4247,2080,0.6176504681685278
NY,3,D1_5S,4247,2080,0.6271566493655591
NY,3,D2_5S,4247,2080,0.6196451804653587
NY,3,D3_5S,4247,2080,0.6104728423305584
NY,3,D3_PLUS_1S_MICRO,4247,2080,0.6089028525962327
NY,4,BASE,5752,575,0.5628471207249343
NY,4,D1_5S,5752,575,0.5683766929747638
NY,4,D2_5S,5752,575,0.5687542628860957
NY,4,D3_5S,5752,575,0.5690100360518368
NY,4,D3_PLUS_1S_MICRO,5752,575,0.5852455422391114
NY,5,BASE,5445,882,0.6005453270664001
NY,5,D1_5S,5445,882,0.5886571970188786
NY,5,D2_5S,5445,882,0.6028668622919318
NY,5,D3_5S,5445,882,0.5937157547586278
NY,5,D3_PLUS_1S_MICRO,5445,882,0.5851722973850269
NY,6,BASE,5558,769,0.5647304763326862
NY,6,D1_5S,5558,769,0.5681241261351758
NY,6,D2_5S,5558,769,0.5631558228243311
NY,6,D3_5S,5558,769,0.5643503875548075
NY,6,D3_PLUS_1S_MICRO,5558,769,0.5605291378772042
NY,7,BASE,5932,395,0.5280364163045728
NY,7,D1_5S,5932,395,0.5525812124974135
NY,7,D2_5S,5932,395,0.5465807986757707
NY,7,D3_5S,5932,395,0.5364938961307676
NY,7,D3_PLUS_1S_MICRO,5932,395,0.5579608938547486
UK,1,BASE,2692,261,0.5646470588235294
UK,1,D1_5S,2692,261,0.6006470588235294
UK,1,D2_5S,2692,261,0.5721176470588235
UK,1,D3_5S,2692,261,0.5838823529411765
UK,1,D3_PLUS_1S_MICRO,2692,261,0.5922941176470589
UK,2,BASE,2621,332,0.6013246013246013
UK,2,D1_5S,2621,332,0.6231916231916232
UK,2,D2_5S,2621,332,0.6332556332556332
UK,2,D3_5S,2621,332,0.6332926332926332
UK,2,D3_PLUS_1S_MICRO,2621,332,0.6218966218966218
UK,3,BASE,1623,1330,0.5915440971641874
UK,3,D1_5S,1623,1330,0.5753500659275353
UK,3,D2_5S,1623,1330,0.5729543892881683
UK,3,D3_5S,1623,1330,0.5838115401043698
UK,3,D3_PLUS_1S_MICRO,1623,1330,0.5881525433171765
UK,4,BASE,2674,279,0.6169346308440872
UK,4,D1_5S,2674,279,0.593558282208589
UK,4,D2_5S,2674,279,0.558599534588534
UK,4,D3_5S,2674,279,0.5791199492278402
UK,4,D3_PLUS_1S_MICRO,2674,279,0.5876877512164165
UK,5,BASE,2589,364,0.6018830066368268
UK,5,D1_5S,2589,364,0.6008951998765242
UK,5,D2_5S,2589,364,0.6008025929927459
UK,5,D3_5S,2589,364,0.6094150331841333
UK,5,D3_PLUS_1S_MICRO,2589,364,0.5955857385398982
UK,6,BASE,2664,289,0.6412592367648547
UK,6,D1_5S,2664,289,0.617066504706954
UK,6,D2_5S,2664,289,0.620761210648851
UK,6,D3_5S,2664,289,0.6233930559773256
UK,6,D3_PLUS_1S_MICRO,2664,289,0.5994533859702399
UK,7,BASE,2855,98,0.6132116471099521
UK,7,D1_5S,2855,98,0.6918730986527597
UK,7,D2_5S,2855,98,0.6623207301173404
UK,7,D3_5S,2855,98,0.6588439808778792
UK,7,D3_PLUS_1S_MICRO,2855,98,0.6592785745328118