specialist,folds_with_development_gate,heldout_passes,heldout_trades,heldout_weighted_survival,heldout_net
E10_COMPRESSION_RELEASE,0,0,0,,0.0
E11_KINETIC_IGNITION,0,0,0,,0.0
E12_FAILED_EXPANSION,0,0,0,,0.0
E1_MACRO_TREND,0,0,0,,0.0
E2_PULLBACK_REACCEL,0,0,0,,0.0
E3_ORB,2,0,31,0.25806451612903225,-75.25300000000072
E4_VWAP_PULLBACK,0,0,0,,0.0
E5_VWAP_RECLAIM,0,0,0,,0.0
E6_VALUE_REVERSION,0,0,0,,0.0
E7_SWEEP_RECLAIM,5,0,50,0.58,-62.21599999999988
E8_LEVEL_BOUNCE,0,0,0,,0.0
E9_LEVEL_BREAK,0,0,0,,0.0
