month,specialist,selected,refined_exact,refined_exact_with_session
1,E10_COMPRESSION_RELEASE,39,15,15
1,E11_KINETIC_IGNITION,268,123,0
1,E12_FAILED_EXPANSION,79,22,22
1,E5_VWAP_RECLAIM,40,14,5
1,E6_VALUE_REVERSION,141,33,29
1,E7_SWEEP_RECLAIM,66,0,0
1,E8_LEVEL_BOUNCE,2,0,0
1,E9_LEVEL_BREAK,131,18,9
2,E10_COMPRESSION_RELEASE,80,26,26
2,E11_KINETIC_IGNITION,403,203,0
2,E12_FAILED_EXPANSION,106,24,24
2,E3_ORB,1,0,0
2,E4_VWAP_PULLBACK,1,0,0
2,E5_VWAP_RECLAIM,62,22,8
2,E6_VALUE_REVERSION,130,35,32
2,E7_SWEEP_RECLAIM,87,0,0
2,E8_LEVEL_BOUNCE,1,1,0
2,E9_LEVEL_BREAK,161,13,8
3,E10_COMPRESSION_RELEASE,78,39,39
3,E11_KINETIC_IGNITION,592,237,0
3,E12_FAILED_EXPANSION,161,51,48
3,E3_ORB,1,0,0
3,E5_VWAP_RECLAIM,81,34,8
3,E6_VALUE_REVERSION,231,32,26
3,E7_SWEEP_RECLAIM,133,2,2
3,E8_LEVEL_BOUNCE,2,2,0
3,E9_LEVEL_BREAK,216,23,8
