order,specialist,candidates,survivability,fp_success,diagnostic_value
D1,E6D1_SESSION_VALUE_TURN,150063,0.238673,0.129512,-112349.684
D1,E9D1_BREAK_ACCEPT_RETEST,14476,0.159160,0.124275,-10969.469
D1,E5D1_SVWAP_RECLAIM_RETEST,11274,0.216427,0.117882,-8865.815
D1,E7D1_PREOPEN_SWEEP_RECLAIM,4913,0.208630,0.118461,-3889.957
D1,ALL,180726,0.230100,0.128067,-136074.925
D2,E6D2_SUSTAINED_EXTREME_REVERSAL,12955,0.560247,0.291316,-9366.789
D2,E7D2_SWEEP_RECLAIM_STABILIZE,748,0.512032,0.244652,-693.626
D2,E5D2_TREND_SVWAP_RETEST,410,0.502439,0.246341,-327.591
D2,E9D2_EXPANSION_BREAK_RETEST,401,0.394015,0.269327,-324.121
D2,ALL,14514,0.551536,0.287033,-10712.127
D3,E7D3_HANDOFF_SWEEP_RECLAIM,1759,0.313246,0.173394,-1452.845
D3,E9D3_HANDOFF_BREAK_ACCEPT_RETEST,470,0.306383,0.223404,-375.321
D3,E5D3_HANDOFF_VWAP_RECLAIM,409,0.408313,0.215159,-388.220
D3,ALL,2638,0.326763,0.188779,-2216.386
