specialist,adapter,base_auc,adapted_auc,delta
E5_VWAP_RECLAIM,HA,0.655228,0.657426,0.002198
E5_VWAP_RECLAIM,SQUEEZE,0.655228,0.693445,0.038218
E5_VWAP_RECLAIM,ADX_PLUS_SQUEEZE,0.655228,0.702955,0.047727
E6_VALUE_REVERSION,HURST_ENTROPY_EFFICIENCY_VARIANCE,0.509144,0.573231,0.064087
E6_VALUE_REVERSION,HA,0.509144,0.545604,0.036460
E6_VALUE_REVERSION,FIB,0.509144,0.507377,-0.001767
E7_SWEEP_RECLAIM,HA,0.572860,0.601419,0.028559
E7_SWEEP_RECLAIM,HURST_ENTROPY,0.572860,0.598844,0.025984
E9_LEVEL_BREAK,HA,0.515112,0.534860,0.019748
E9_LEVEL_BREAK,HURST_ENTROPY,0.515112,0.531608,0.016496
E9_LEVEL_BREAK,SQUEEZE,0.524122,0.539764,0.015642
E10_COMPRESSION_RELEASE,HURST_ENTROPY,0.672786,0.671338,-0.001449
E10_COMPRESSION_RELEASE,SQUEEZE,0.672990,0.635797,-0.037193
E10_COMPRESSION_RELEASE,ALL_REGIME,0.672786,0.639602,-0.033184
E12_FAILED_EXPANSION,FIB,0.452598,0.465498,0.012900
E12_FAILED_EXPANSION,HA,0.452598,0.459514,0.006916
E12_FAILED_EXPANSION,SQUEEZE,0.453503,0.529100,0.075596
